Id,Predicted
49I3SOKLI2CMNGP4,5029
727IRIR59A3P88LK,2232
LN95SD15SRPCEE8F,194
TB11I7F0PN033D4T,6250
32PSGCK5PATHMR07,223
KCGC12BK5PGHP4SO,1071
SE7SP9PNCS9H4RKL,18
AI23CE9L10CFLK8N,8800
MC4LR1DKGGEL4C4C,86
FEM7P31GRFL5E329,11627
LEDTR17G0F05QNKK,1134
OK8H6QICAPHP7797,489
5JB8EP6MFBOHDKTN,271
EPF30Q5AAPONR3R9,293
EMJLEN304HMM5K4J,53
AG9O7BTSE742NCB3,41
I0NPS190JO9CF869,5079
LDM8GL4O8474HDKB,2156
7H44IQ6G2ACIC4LD,448
M4GKAHO2QGLSOH84,50
R5IQF8R2QMKTIH67,33
GTREJSI43M3EKO1L,4360
8AE6D5579O3G46B9,421
2EPSDJTDBSRC14BJ,332
61ORCAKB56PN773C,1288
N5F8A570IM7JM8BP,241
3APD0Q64QKLRI729,246
CJACBTFIFGC5H99J,338
EI2KQ9EN4G1FAAJE,8996
M4EKTPPJ3I0KGI3O,2935
INBBJACC1AE1HTNQ,3805
4D9H4JO50R43O723,7338
QS9G5KJL4ASSPQSQ,893
JAEG665AOMT7JSAT,10166
43B9S26F06HMRKEL,6959
7PKA60OKDJO7HBKD,334
64PMFJT865CMEM17,642
0DRTFRTEK3RS76EM,2285
1B04PDI92CFNDCDP,4137
LQIGEBP83S7ISG88,4672
KHNG9HDL10RQD3HS,552
GGCJ4C2KP8GC7HA8,3036
P5PSF21O8TCERK4K,3080
930DG83R8P3M7KF6,407
TIMHM4HTH87KOS06,226
IMNKHNLIA82MCDEK,99
E69KP6D2EJT9EHIK,822
C43Q1L67GEBM09SQ,1732
825F0GJG7SLIQK1J,328
DLRBO0TLOSO4C96C,6989
3QM33RDP21AO6K2L,251
IBPOCKOTGBP7B97O,119
GAEALFSAEMTF5L2P,1233
PBKP6NA27EH0R5CF,4887
MRSLRDQSFBGB607T,7816
C05SSKFD3IQLICI9,480
S0DJACEKJA74NERC,759
1HO2G4SM3D3CP3GO,2707
Q48FH6G2RQ5ODA74,81
FQNTHOF88HGCICBL,3267
ENHMQIMCEJDK8E99,3524
33F8GFBN5MS70TPF,203
2SCA455JFIEI2LOH,4830
7EH3K8GGCER895TN,480
9A9BB7CD6R1H04GC,526
41HJ2GBLKQO94937,3700
TCOGG9O1Q51NE5P9,108
K9THEQF9QCOETNHO,4808
G9H4DQC7H4OS396S,1217
MOHH854I0PI8QHGF,11683
T9QMPT2T2Q9BP3HD,106
QC6JT108H6K41QRM,5153
JHT4NG9GNGEQ7CND,249
365NQQQD4QT5CBP9,485
D6A98MDL5DJMLGQH,345
K1K6H0RTKDI5O1DL,1955
RA7FN41CNRITBAL9,98
9GCHS8O0BIT3GP2B,832
H0S71P5FM67BR04B,736
T0LQDNK1564Q7PHM,11728
T0ETACLNJ7F61E90,4377
CMJLKGK0IR2Q43A4,3749
5J2BNMN46654PP4F,636
EATI6B8S4MEO3R3R,1643
PGK68GITHTSMDECB,1694
L2NG3T13EM3FPB6L,9632
DCGNCC29APJACRSP,2186
KI3LJPJFAQHH4EDH,13281
56NRNAOA3DOBA7EG,195
TAO36NAKCR72NJBF,3709
7MF17ODN3A5C01NK,4632
OHKAQNIBIQ9M62SQ,1965
347M3O8CAKHLTN3L,3988
05MORCA71FBJ9PQF,2645
KJN4MR2HKM25IJEB,3325
P5C1RTL8912ON0LH,6918
KQK1PMJ6ETA7S9GT,2422
5QMS5TLL0SMLM4MF,294
TJ4QRE6RBKEGHNLG,2446
95C19TDNFH61Q2NS,3075
AS90TO12ED8RJMO5,3063
G5QF1BL4MBJN67JM,3905
63OCNE6J4408TNT7,7232
I23M97LENI66OA20,1154
G38TE3S3ME4692SD,6301
QJAG4S061M83QKPN,6911
0MMEA9KEC0PMSO1S,893
S9R0HSEPKP8LQ91O,7484
68LD1S0005NA6P3E,2935
R5G15228PLAEMFGG,778
4JBGAOSB7SPCK2SG,174
SEFJNL7EHOTA661N,162
G1IIO39P6SQIGQTR,254
ISTA61N4N6CTFG66,1763
J9N3ID5K8C0JGO2O,4776
TMPMMQI9HE6JC342,191
2ICSM0745C80QMG3,4886
OJI6TG43RL546IMB,163
PLHO032NDHB2L531,282
GQ1T8MA5P3NK38TH,797
QBBGMKLRC8ASCLAF,4567
O6KKQLFFEJQ8DGPJ,40
I2LRLD8069GBH9SB,2788
RRM80B9BPH8NC722,5946
5N8DSOART14L161L,70
ITFHEM51SR32DQ3I,15
JD3RKBCENFQ0MSEP,945
QFSL4REPTH6AE564,2203
RA88ODKKMNQF5LKJ,5
9777N6EFTB991ICM,1361
NF4TSQ4SIM4LJBLQ,1192
SJ4SQFPSIRAKA1QJ,1480
3SEHNBEB2SI5CA4G,6539
EBT7KR2A8LB4J3JI,2513
4EB20OHH7MP5JH7A,37
FMDRJPENN4B9HHDK,1667
88J7DCNI26MI5C5P,5628
E5L9GA2TF4FEFSM3,2
83NC9DSQC7EO8GRM,4942
4TFQN8DMM5AGP62J,1078
T3QECJR2BGKDPJGF,6737
MMNDF64O95TTMF71,166
6Q4PKM7H1H2B0HFH,374
GI24NE5M8CCQQDIM,130
G0IH2ESD6866G6F4,129
H5RDASJI74EHJL6D,103
50TLBIAD9T10OJ1Q,2135
51GGDTSE2O887MKB,16
7J0P5JGA1HQ8QF4S,4966
O7J5EQFRD7BTN2NF,9624
E97CQ8RNK4Q8NMTG,4774
6F2RNNTLR2O5KI2A,1495
CQB5T10AM53RM1DH,7307
EF3QI1Q2BINFI6B2,135
EHE7GFPB24OHL8G5,436
HAL4E55FQJ7JEMBT,996
LCT7NRBEH130B5P7,195
E28C8BPNKJPQ922Q,46
KD0NG4J4TJODQ0F7,121
S56S32JT1D9H3ILF,10940
QOS42780FHAQ6OOI,659
MQ4SHLME6CIBQIRI,4133
NN1MQG6DNK4G14D7,574
HK52LGH6FILRQ6L8,37
5N12T4PN7FBJ7T86,283
P89HPE8CCSIH8RRP,12
8IP74KRJFFJI00CG,5855
94BSKMT2BJJLDTKL,7814
LB4LL2ATES1MLQOP,7554
2H3MB37M4R5K1D3K,95
3IATJMBTGMNEIDII,297
0EG14I7C0A6IKNAO,287
P8M06452R091A6TL,711
7T0QGGJO4FGCR5AO,257
ACP9ACDGAMGTDN5F,3321
TK7QGMB5GAEC1S2B,8478
4M50KAGE6E31D3EN,1611
AP3RGBIE090QL5OH,2194
LFDNOOGNKD1O0L9Q,222
SOJDSLJKAJ7NE5JM,2104
E4150421O62470K3,2155
RDK9H56QLDCK34P9,355
6MO2RDKME9MLAFJD,4532
RQH34FT4O2NCLM7P,983
99LIEKM4N3JO33A2,581
P3LNR5A9KG047TF2,5053
1QSDATERNG22OBGL,2510
GG0E85C0D1IT1KPH,2348
TBR88FTN6ID9AJCH,3229
0JPC51M9GC6EMD4B,1311
RKGO0LCPECT8303L,4545
RB8MS4TGGG8LM23M,149
31AONLKFPQ8RHJ2P,884
IFA60AQQBB2LGK29,2962
BGLN7K7BEJR9JB1R,6953
T6ON5MI4OBN4K1HA,250
AE04SN5QI47FKG78,7145
FBNOKRI4BF61SPN1,4047
6A4JM9ETD6J48LKL,4673
BTH8FEJ9EE4I4E74,153
7C798784PCJ4BTG5,109
1KKO6B5BQNB8B01B,55
LHPK26G5O8SE12F4,500
KI032M8G9P75R9DI,12700
O63DDITPLL0RGT5F,26
OMJELLTQPAI5N2SE,731
QKJIS0PBR2J5EMG0,499
QLSG334JFTK0NSTE,19
10B5PE4PGI906RS4,4743
PS3OP5EOPTKNGS8K,180
D8MR1JN66RN8OEIK,3816
8EH3QACP58QMFHK1,8531
64147N7ICR6IKDII,1001
HSOHLFSKCKMBS0A9,2283
5IPN36DB32P5QNAP,1258
O0G8M9ESCHL40ACH,423
SMTTB17NFMC59FKO,3332
NF16LP03L5AI0L0F,1330
I00NEA79PFD2L6QS,654
KI0GTMQP2MPQ1279,7609
K9I7BABMI2RO5KLJ,978
QE58A39OG4AG1510,323
3CH1JOR4KT7NBRL3,4594
73IPGI3RSCS754F4,4430
D0CDQM0KRGK5E45H,717
4QNSN9KBNB91P2NK,322
22CQB2EK12JKABCD,4690
SS201B661L1MC7E3,7606
B3PPD550GNFPGGIO,1609
HCA9IJS2T3PQ1KSH,9
B7CHDR1RH01CKH3R,5407
TG4QFGAENHJEGK5L,4632
AABEPN5QBICNP23C,938
KRN6NC2M2T347G9L,1851
9PTNIDFT2R3ITKCE,1056
CKI69B17ACLII63Q,2394
34DEPQHCJAC01I61,160
C45Q1TTRBDA39FH5,1275
8B7F9I5EJI4SC847,127
JE3P27D7BSH6A0J5,312
3FE510I98M79ITT5,810
3N0I7QE5JGII6G38,435
3BT0RJKNK7R5MLDI,39
490LPKT84KFCJHHQ,11480
6B8CP1OFFLJ61K61,3100
PG8HJDH5ALNAFCRB,2934
LQHLP8K6IH6R1GSG,640
A8NTS5JFPK22ATER,6019
99DIKCD7S9IK75S0,3752
PP2LSC2D7EP1SRMK,44
EHAFDRO7IS6L63BF,133
B8OLPJPN6IKFSPII,548
MP3AJ9I83H8JT5F4,2493
9K1BBFDA60JILKCJ,511
6B9GSC1JITA32JI9,6130
J52KJ9MNS0JLGPKH,81
3EQHEJ61DJEGO48R,7
REM5SOTGAQDR5Q2T,540
83GSI1QD2DBSL1HS,3196
56BJ5OPR5R76MCRC,2944
ATFPLSH1QL3I9GJG,5957
DO9138GKFMA0AB72,3695
Q0ERHF31GO2AMC6O,470
E3OCM97DCR7P2NIB,4054
EFGPLSBL8O11A612,164
D7PHAIT33K9J3N30,2861
M8M9NLDMG3JADD9N,373
2I98G72F30EHF955,7954
192R3LF678TKOL3H,7246
731KHKAE3B1MCCCN,858
BEIAANTKG3P0F09P,3748
8OBRKKABCAQA7ARI,5722
B768L1GSERMSGT7F,1321
MJ5MCTIHI3HF576J,1622
AT58PMND4M4PKN5A,440
EASNTSPBA3GGH98N,1180
HN3GNJ7TFLGAPLBO,1145
HPANSA83152FBPAE,6
P3GD6IASD3QGTO7P,4700
LIAND8MEILADOC9G,2515
OSACHGE51N68CM3C,199
OML9A6TRD1QGDFTI,2415
5QDTG19A0G8MEGLN,986
LHE97OSD2SMNASM7,158
ATT5MSQ688ANJL4Q,747
CDQFMBPPJ679D9A4,2202
GBQLSHE0346P148L,192
63BMEHFTH8D4ASSI,79
BS352JGGHMF69R7O,1
BFBPT41R4Q7OSD8H,329
BCGS8JK065MQOT14,222
RHKN6FL2DAD1H2QN,166
4HSEF5JP975SD96H,3762
P6DI5093QM1MB7QT,2454
DS0560TQ1Q7HHR35,505
A5G2RF127D9DFCFL,6836
OQ46C4ATC943DR7J,0
8KKL5ST1KQ2D11RP,2133
53MROBAIAD9MMMJA,3238
FQA1ANHTG28GPOC5,284
2EOHA28CTHMPABQ5,2552
Q1R5JQQDBFI95AJ8,360
TM1EGHJJD6NDLJBE,42
OEIIMQG4E5MTJ5EQ,6540
1HG3PQ2G26PK47TR,655
CJ4BLE7ONIHRL99R,251
J729HGTRG9BPCFAO,779
LO4722CRITH7H04H,2117
F9FQERP29MLPB0OQ,7717
SA8H620S06AMSPDN,2671
NRSH90N48JA29NED,119
A977KF703ADIS6AR,570
L4CFM7NPB655E7M6,211
BTDMHHR1FG9QOFIP,1296
4CN39SSK1KE9M8T7,9640
BNC18B0L3FHCKSLO,7082
B7SB1NM9Q91BKF4Q,547
I3EITMGJI7PLQ7TG,485
5B4CG9QOM9C25J2B,716
1JP6N14GC1TI0G0A,3094
HJLQ1EHFJIIIHMCJ,4003
BQPJKNJ7T3998NEE,301
RB1T5EBBSEKR83KO,3994
K4LQGJMC1151CHOC,375
SNTEG3GPFGDJA945,361
MCR16TCCG9H75TCI,1159
LEDKJ0GISIJ8H97J,1102
EJTQKGNMN5DJF7EL,1358
RAAA3OJGF64R2JI9,3579
3CPBJC359MDCQ0BM,453
9DJ09IAOJ1QFOO63,73
MG3PEBPCDAR0AES9,3987
L4IG91Q41DM7G94B,7341
T5T29JK0OGJN1I5A,3411
0HML5I3HP6CRRFRQ,255
G4ATJRD1MAMSBTMA,45
1I7LG5NIAEO8SNBI,2424
EQ9HT7D6C60F1PRI,4657
49EI89BR02EOLED0,1994
6NT4IOJI9L6JK1TG,5051
65K1D4A4FHQQSM9T,5254
RJ6HKDO5A6R7ARSD,4368
57BGEQBE40D3HR3I,1616
Q3DP2S15CAD6PIJD,8509
EQNPK2J9FN85BPMS,7547
H4C6D17OH5BTO5S2,2286
1SD07JN9BKQ27640,244
FNOJI0F2KPQS8532,8
BHKC084AF862D34G,2680
JE8NJFKROFO1TOFR,248
1LC71I495MCMK2PA,233
TG71JHM3BCS3BBGD,57
QB7DG7NM1TER4AMO,1936
24PBJJGDPTL796GS,6467
R8088OEFOHDATAL6,1757
2KRAMA1RO7K0NOF9,1423
498NNHEQ3MMBFG47,2
166GCGLJR19GGS2F,943
O3LG1DSNH83S309O,2864
CMM19RTA4FRMLGNL,456
PB7OL4SHP1FC61LI,335
7PK2M7Q4ASC6AOQ7,9964
O6A4QESHAKS5QKSI,541
12529ECPORPHJ96N,2384
KDO5F9CTHS886ILH,5414
8ORBO5LPM73THQ56,26
I98BO9L4KN6BJ463,1243
2C4BQ1LJ1FQR19LG,555
T43CNJN9BS6CGD8N,252
86N07CKE8L6PAHRE,5663
SPFFQJ3J3I58624L,7134
3J2Q8C0C1141S5Q6,178
Q7ML9CG1LBIE6N6C,2970
KSE6HGQS68GPAS90,6253
CAONDL0S3PFTPL56,2068
JO9KECKO5M4QACO0,92
C5DPRBF6D96QED32,751
2LJGQ7LQC4DHPQN0,5759
S07OQNNB650NJCS0,385
EC755IOR7KJRF8JD,44
H4FHA8LT5PASKI4S,659
1JR37HIC6L6FIT6S,292
LG8LA3CGR6T6RRM5,6946
18F3NF798BOI0N4T,2025
1R7QFGS8IEG7IFCC,473
HH742FBO6SD644QM,6793
22NJ35P198NDN6FL,470
3TAKALPRKOTCOT5I,6678
H5DKT6A3PMLJ5KDE,4178
5JT0702CI1SPP4K2,3058
1J5Q4OBC48AAIRSA,4068
7C46OJB579118OOE,2549
DPA7NM9DQ8QJS0DF,1649
LK4AC0SK9G52TE06,388
2S8LF2IL0GLTOQ2T,257
N0KPM80G1572J1EG,291
TO76T957N6PGB061,7228
SHGG5O657ARCBBS0,1191
JP1KHDHKERA21I41,4120
S8A0ETBLKTF1B8G3,229
8I02N0A89NFPOSF4,3759
Q15SO84EBBC382L5,5365
C9O0JNMDJNOF5L6T,1442
130F4STRB4KD7OMD,110
BKJ5O2I2AC26G96B,39
1H0BT5MTIADALJD9,1107
7I3I33F9SL9AE2H7,207
IOL5C8HHQG387LDS,861
R6E19JSGR9J63JQG,5030
SB72NJT3JIT760SG,1144
TKABGHJA2QOMJF89,1924
I2TQD33I46T1F56G,2903
8FOQ0KE29AE1N0S1,2692
5AFLR2FCOA0N82MG,5165
EN0PPTST6KAQT91R,3975
88HIM46E5I360MRQ,12
2OJLA27NIHK0CCNT,786
O2T8L01O658KP4QH,1216
431E4R5Q8KB7IAKI,1947
S53PKG821JT9QC11,2366
D3JNE3F49PPMCRJP,1
24LF00A10HO8H72I,3545
QB7O1IH2CPASF5D3,3918
M5HJ560J5K356ATO,2134
TNG4650J7NTIA15E,3989
P424P405QQ899L70,2079
M96RTATAFM82LF30,1159
J4AL4KC1LI2DJ34I,307
27SIMRCCH04HIDIK,1974
S0OKSSPCGQPBLKJF,6711
K6EF1BM6N7BQ27NR,4312
A2QOT07GN2NFNI1T,4555
D75OMB6LSE08OTSB,63
1LPI8MC08PDFH2M3,65
NHPQLLFNC9A8MJ10,1951
A6LBS56P5901KSMC,385
ON1S7JD8G0BHBQED,772
3TCITHN3CSQELI42,34
MGTLGFLSERBS0NQ7,6909
0602O26DGA3NSNN6,96
57685ILSITH07FMI,1715
OKEPFDCLJG1R0IBS,4434
38J79AEA61MB7NPE,1686
JLTCLJPSR9KML42J,117
OGTS8JCE30N3Q46J,24948
8TRL0M8AG7KT4QPH,679
FRJ48M9LFEK0PHTJ,56
KBLACG5KMDP7SJGA,18477
IA28OI1RSCJQDC6D,3751
HP9NQT1KR3TJQ1S2,4451
663KTJSIMAF9SHHF,27
M4J6O00ON01B6MGF,6413
LCA6MA16QO34F0AG,250
43MG61POI5A3AR9D,6097
IBTK2JABSMOLN8N2,452
08I8JIJL7P6ES25S,598
O39P1SFLLBRQ93Q4,215
S3DB84CH0HA6AHCH,299
O2JLBL0ILRQDL762,13
20SBIIPORIGR385J,10145
HET3DCHKN49QMFIR,37
72MQ41AKRGELER5S,285
IRFJFALDI0FGK4LD,93
OOR2ETIFFSFBIT0N,6080
FO1MB0I9H5ASRAE3,300
HHTCHCSONIHOP3P5,331
JRFM8QCJKIGMJ2F2,146
CTE01KNFN73N1D0E,3312
1IL0ETLP4JMSR9Q9,956
H2CAKHD7TFG34E9T,1278
1T9IKQ5R2A8QI2AK,7
IK3SRTF8G21G2LGQ,5311
QLT46KC3KKTNMKM6,7911
A7IMEPIE5B7RGDA5,809
AG32112ONNO3CJOL,70
3M02OINEE5SQ04HO,172
JAR0PTOB07MLEC9I,6496
GB9TR6TMLJ51FI5R,132
1ON0EPBPKKRRDPI0,161
5204D1OO1R53HOPP,260
0IHRICRDGSKSM4QG,212
68GJ1METQ6TKFCFQ,5667
3PO6FPK6RK398RFQ,3797
DFS0631F4OM6CBB5,1437
II8BMCG2J92CMF0B,1404
KALNFK73D7FFFRF3,107
78K1IR3T56TK386G,7500
P8H31N224579QPRC,2653
BNHRSDHI077CE3HQ,4097
IA5TG2T2ELD3BCJ6,9768
QJL2T7JJ3CGE5JAL,160
D578I389PJR5BD5I,119
LA5R6MQC4I8NK8PQ,5
BBMMCDOS07QHLH0H,4511
Q418H23MHO975STT,576
B2S504BTEB3460D6,4802
FB79NJH2NMAIS3R5,1690
1D55T187PNG2EEBG,3521
02EC3C7I6DB6PS85,536
9PBL7EOMEM6KN9TJ,93
SC0IRO1FJ2HBOCJL,5629
2488SJHFQ61988AP,1195
TM9P8E165PNEL220,8379
GG5E614PMHK6I8DJ,1948
MHOF7K7BL70RHBG0,696
HB91H5PLR7O5P8MG,2611
MJTEEHJ019EDRAB7,13
A434G769FOA3R4CH,10196
6J46CKKKTQS45JAM,6749
AR4GCBCAKFQ10AMH,2224
MPP1LELTRGIQ7645,160
JL0BD0SS0OE2C3OE,651
4PG5B35NTKK1D3I6,1130
58P07ABE5MFNMRCR,5605
IDD43MI0BAD24495,3684
Q62CGEGDOPT62DI3,232
01D40L6DEB1N33TT,6
O0FPSISSSIRO4PKP,152
ECH9RH256KP94NGR,187
ETRDJ2891284D0H7,775
JLJ30EST4IEFEET9,2158
ABJFO3BFKPJFDM7L,1697
LTGJNE55S540ATA1,2332
M0RRC3FJDC84EIE9,3769
S6G7I44AFCEH7CN0,2613
KCPC776EGNH15TCE,5690
3C4I35754O5PAOH6,371
ENTDICAQHDCNMTE0,389
70A5KGP00LTJ4N8M,254
EC8N03614ML28TM8,83
QD9EPLIDGFAEM0PH,10712
S4N2CF6RICHT2SIO,5502
TT7SIEG1HRQMME1Q,793
KR4ST3OJFA4TK2N5,251
MQDCQCROM89BO5Q3,2918
OPAECC8LM3FE7P44,1687
MBC5R0I70KECDA5D,241
33L0K859FA139HT7,11597
E3JPKBKEF7IE88Q6,6597
STRA23PBOHHI5AA4,4574
B5PF45OS486RR55D,2590
91RITMEL4SEFMHBD,5687
T0IOPDJH9F9FD90L,361
A38L0LM6OGJ0S43J,2789
PS0T4BS13ST79ASQ,2443
M8OETO4C100AF64M,1124
KBQ8972HK54H2C39,1196
NJQ1A0N80JRQS12M,21
O99I57N7A0P01RP0,1049
6ONMN7FPG5AA0DOB,1265
L49H0DTC2L33GM4O,620
TP8JMP7QK3AQ14RI,1543
EO3M85QIOKGRE3BD,2233
6H9JGM0BQDR69E17,64
GCKT7JDAT0KGGD1K,2852
2TOHLSNEEJSTDDJ1,3381
L4KA2T8171E0Q1RG,33
FO8KO7AQ80597717,3297
I6D546QDFGTPBG5S,2308
08639J6SR5C74917,626
GL8K5F85DQSNHONJ,1329
9JIQH4C5JK5G6DEJ,241
E21NF787710CLISN,3171
357T16BQ5ITM06Q2,637
HG9P9C1AFSTE2IDR,977
TJFBKGED5GOAACST,553
L0KR2E648S8EQO3T,648
1JL5OJ7I17KT2784,2734
SJ68NKCHHI0O0K24,3758
9TKD1AKLHB8AJ6PA,77
0GBL03M9RH2PLBM7,13408
I59T91E3GB267T27,471
Q99I357TKJ8B0O18,2564
SN5S8GF7ONNOH8AG,142
5D0TPHTDEHA55JSM,0
233LN1QLBP80CKIA,2782
F1T255DC808A7AAS,148
8FBME0DH442FJCO9,2324
6420TD7TG07EJ11R,12176
PCRPCITJNK7SJH3O,262
SLHLLNBC1Q0RN3H8,7162
R7FFF8N2N9G9PC58,3025
80N4R193NEH2F05S,3605
9TI8MOHPAT858A2H,498
R5Q5GSGKJRHDQDAM,474
5CSOC6ISNHF8FCT2,3956
MGLD1STSJ6RR32OP,4445
8F50Q1ED3EMC5LMS,3602
0CEK97NTSG939JN3,18
GP27RSG1I4CNJTLB,6232
LS2AFADB3RH85SF9,7096
DOJHG61TO3QI5CL0,315
M6AIR5I2SK6PAG9L,627
ET06K5GDE72LAJRM,2860
TLBT5A7DE07ODS8D,56
HDM8TF4DQOL7PN8M,3949
SG8K23HFSG03L5HD,7067
F7DL8TDDAQE8L2SH,868
Q9A6PGC1I0ECR8ES,7313
O4LLD0121S3F0LS1,396
7EASAOPM5J2JP1QJ,54
53ETL4BKC9SGP85H,1180
A1E7N53448T3S3PQ,354
FT3F5HJK01IF96JC,198
10DC59G5T6SJGTLB,5434
OQTLQM8J1S8REJ2E,190
7D28I9FO0C8TF6P7,309
G1ITJ4NE88J86MFT,271
21B8OT7JH5NRNDQ7,287
F1R3BDNFD1FR7F22,8
7G212SKQ9RIR70NI,9244
HG5IFMFTM5M23DSS,1682
0GE96G3RA0EN9F29,211
55AFNOSTM7829AK9,77
MJJIM55N7MLH1F7P,5615
T4E3O2I30C6JCFAA,1841
G7D4EPRLB34QG45D,4174
C700O0BE69MCIN5H,3538
87K32F2FCPIE9934,136
TTB2JBGCE21F9OGH,719
GHABPAL80ML288O0,1269
TG7H4DDIKKR05IB2,374
GOEP7G2CNGL23AJR,134
2GIQ077RC5D5J0NE,1189
9A75B7P90BL5TB5Q,280
4PL363D5FHE15SO3,1
5PEK8FB0IHR1M62T,89
EGHDB6NFR6GKI7PC,11256
B2NPTMS6FGK134PP,301
JK81KHO5RM5BLQ6K,31
T9HTH65SIM9NFCE9,8155
K6AHPS2GJ7ELI4KJ,47
01250ADN9H8O9CLH,1675
OSELQT44TPTTT316,1533
CJBL9GH7GEOLG0PO,147
9RCK616QB6LAECA8,2568
0FCF1ISL1DAF5AHO,7896
CLQ0QC8375CCFJGT,2775
IBC69QO8ARDEIRA3,1388
R31EK6OCRBLC3J0R,586
J5MD0S0JN8GFCSSP,3554
AES1KP7K31K6BBB9,4459
R2BPPAR3IN3AB6QE,5260
6RGRNDKNPIJEAID6,1507
339NN4QBF2NCOH8K,1812
HS4PN1GAOPBSFQLC,6467
OJ147QIN3C3BS0GH,193
O7NPI8RT02MR8O8L,232
KIIM48O5F8RFIS7B,1678
6I3H0EOI6O5B60LR,233
N6185NE3RJM003BH,1585
SO8JK3PR00AQE65G,396
92P67ICTKBTFHOOJ,537
Q8K2ESDQR2LFJ88T,3738
4F3AMLP4KMEHB1FA,5108
4QIH6FRD3204R5HE,960
JT60NTPN163A1DNF,654
4NFEEIM7NM583IGH,6114
M982EIN3FR77QK9B,711
66MLNIOMDL64AR3L,27
808E8IINMIDP8L28,4027
B8E2FR8RKHH99IGJ,331
L0BS4119IE6SLRR9,2098
TG3DT0A4HH47MCJH,1943
DBJND51HBFKTDKRE,3528
LQ3DT8DNACK6QD6L,87
44E28K12K80BCKGH,65
BD2O3JH2KIDHGQ9H,47
BACJ22B5F9JN24NJ,350
DEGB5BCNB5M5M27O,722
D5PTMML4ID34KMP8,108
31T6FESFAGNLNHN2,2002
9671O6OD4M82RKQ7,3347
NM357OPNOROHGARC,736
6GG93D8S6854M999,3383
J4MB0BEGL92J1R7N,4428
ON1N05K8AT756DO7,648
7KN8Q95HKG6D3B2F,110
P000JQ593EGP6OIM,269
OOA55POM9JTKJTOH,136
RG9NG9PHOJHQLRLD,129
1AFECPN4DIGKHASE,752
MIDGQ11FBK0S8SQA,5113
B81FEI1BJPQ2ID31,2776
9H0M53IOSJ49R744,77
9GD6RI2MSLFMCIA9,6674
AOMPFPSM3LGNEL8A,3107
L4PNFKRP9PPI3S4T,1050
INN0S489239CF6AN,1345
H4ESNMEHH4IMJ57Q,1480
RFB6519SE8NJ0JRT,1300
KEAG4CLDPD62MEQL,3158
PO3LC0Q4T7S7LN9K,196
EHMNI9EFFS7OCFOO,8302
M0I357JAA15F417E,7350
QM2B41O327BNM8MS,129
RSKDRBC6SG8OB94Q,3062
5C0IJ7JHTCJ5KFFP,656
NI1NEQO8GFDP8ICP,111
7D2OSDJ3HMCCE7G2,9850
O5SLQ6B521R0FLPG,1467
20GK0SBKOJ9NHFCF,437
221L5TE4EKHF6G7R,13179
GPHC0N1LGOMOC6BA,3685
04HAJ9TA1QIA4DAL,641
TDDM9IN219AD731C,136
D3POAP7L89SO1ADL,5097
GP67RG7DMH05MB9T,406
A3IDFQ2NI9RFGS6K,4189
AP5RH206L9D694JI,5089
22N5S12CLO8T1PP0,212
HP34RRPLFE3A2M8M,5589
KGTO8BJ194H9OMK4,6106
82BL3R6OQEPALE8R,2164
QFBH398G8F8FA4R9,71
5BOTNK5GKL2LL72R,4365
KS6SJODDA6QQPM4L,3860
MALIAQ24HJ8GRNDG,4779
459ALMPB9I2AORD5,335
A8GKK05RC3P6E8TS,298
NREGKJP622LHLMCM,889
MDFQ80NKJAB06PS5,191
LJDLT6J6H44SP79B,9086
J0OQTFDGOBCCAI1F,2155
61PLMNAJB3K3KPGT,4403
LCSED2LO6JB8SCD9,954
MHKMJOTC6G8O7A9J,4685
8PL09L8KFKA4TTPQ,5662
61MDAAM2RI2JEQ2B,4182
B2GCL5184DD34KN0,522
RA3LOJSI10J5I733,42
FITN6JPLJ1QP06CL,1391
PKSI9273T7F093LC,955
FRNPP6IMNLHGE5R1,3093
OC1AMQAGLC60P9BL,5716
B13E1MCACPN6STFQ,331
O5654SIS7RNFM78S,6863
CI8AD1E8KI84DSCM,180
LPF8KACK62CMB5SG,3469
C0HMB321PS17I17A,1368
O58ACT6DPI0TJAPP,220
PN3H5CPCC4CBLRD2,3077
FPM5PMCLN8I2Q803,65
JFKMI72GPGM7AHRH,6270
CAOS1OR0H2RA3IGT,6473
231QJ6E8BDR24QEK,206
T13ODJ44B7GH4B9D,4247
9N5J6QJDJMOSNJI1,790
158I99N7R3MB5AGM,1667
KM2I4DMP450AF2AL,112
O63468ILLC5785IQ,1269
9SCSM7ACPR88LRSM,1180
EL3T70K04F0CAQD6,8283
MQCR0J2HFHDERQ72,2034
24T7F8CK83O15M1O,6709
ESKOBDP2MG1P0TM7,1229
5CS476L066I6LRM5,670
CQ5N1GHO5HAF9AC1,66
9F7OM8TN2IETGE2N,442
52DH4ERFTD8CQD7F,8778
86R56B0NDSH0E5C5,90
698JR9RIE1CAG5BC,2355
R4FSDQI1GK52OGSQ,3662
4NG8L0MESAO5QQ14,3054
DPKIOPB4BI1HNOD6,146
M5LQORCRTE4LEGMT,1049
5P7AJIRR46KGGLJ4,119
KHO285ME63KE4I2Q,1515
F7MCM6GSSD5PAG3R,446
CH5943LKCSKJP9I5,4340
M76CEIA5FS0FC92M,64
5MQO5K3QK8NR3HB1,1988
EPB5FK3LHPR4O25M,1011
6GJM6SJDA1E1NF5M,7909
DTO6FGKBK4FN1LLO,65
HEEF207RFNQ03RRN,1023
T2KGGB0J5P99T7EH,1709
HMRQGB5M81AAS1AL,73
7BE0QE11GOPFHRPG,25
FO4AQBFFIR1LH7HL,6813
NFS9OQNGENC03LJ4,3626
2BMD9TPNCFG8PKFB,256
G7B932NKLKTFL186,1024
L77QH8KI3AMHKTI4,4848
8NS0LQ7MRPP6O858,2127
O9M4ED32KMRHHTTP,8320
ORPIBCDC8FNSR08E,3477
S45L4MRGKDG9G5P6,2608
0F1JDM2PC6ILL3MA,154
KSMPHQJSL26JLBBP,25
4I8REHPINS8MF5ED,184
LDNBT1FCT55FHOHG,48
73TS6P3ARN81C9NG,11
TCJM0DK3SBKAOC0Q,2874
5P3K7T7F1SO0NQBB,661
ETAL4PSR5H0Q40AQ,956
NG5BHLH2NA107TEO,3768
9T7EI2TMSP7I8KSQ,14343
6209DCJT0T14DMJI,12
TTDBTG97RIJ43009,557
TLGBM1S84QM7BC3S,2130
APP6M5MKR29AQ9ND,695
SB402MT6F90J8R2H,32
3TLTA7ITAREDB3HI,10604
C0R848OF124QD6H4,140
5Q6PMED0I808HOL6,1325
2BO8RJF1HI82RDAR,9741
90SE0ECGRF8Q7CL1,1156
CPH0GG0AMF8P1T7E,2068
3D9KJQPQTDKNOAGB,579
2PELJ93S6NJ086AR,6648
1LOPKCHQJCDG4MC8,289
OI2RGS0OKDPKMETJ,4493
RIRD1Q1DL6TAQTMK,55
OJ04FRJAS6TM46EJ,88
JLT66Q04E9ATQOHO,6687
9Q63M16RHTHRSSNT,1823
R2IBDBMF2SLL6C6P,1898
I3POOROE1273SRS0,1603
MBO761GE4R8GQMST,256
N0HTJGCHRIO2ICCA,7146
PCH3K6H41B0C4T1L,159
FOMICIMM524LG3TB,2210
E3ATLN5O1IL61QK2,958
CAT2BJMIE8SOMC1R,204
0HOPM80RP9ST99GQ,105
0KNIJ61BA5753THH,151
H9NC52A3EK134F4E,3670
8HID6INGR9TSTELK,64
FELPPPHPLH69J9P1,3284
DD6OLRT419OL255R,6977
OA37B695ND1NAE2R,969
CEQQI8S0GOHC6KC3,2547
OB1ECBRIE0GT15J4,3951
C1DFPO91Q6QTJEEO,26
0SEH7F4LQT0ED6J8,2984
MN3KS00927GER5M8,113
E1E3L9R72SMO0RJ4,4255
R16SJD26NQSDOPIR,6367
H6F25DJJLDDJKBI5,5957
943IKRQP2IDOL3B7,8984
3401Q0PIBANDEI4C,11950
BP57JT3IIQ5239KO,11
HR8NRSCT2DQCNL5S,49
F94355A8J5S793CO,55
45CNE0JKNLN5RC3I,282
E64K8P3AH70AIHM0,18
46BD0D8QFQTF6G98,6009
0SGM5D0PHC9TEC99,43
BMB6AS3AMOIERDTN,658
AGK03KMPMHIANT31,5251
H6HENHB78RCFGM38,839
ACA9GDQNF5AFD2Q0,2378
O54SL55IPTPAGBFJ,347
AC5T7NDFFCOKQK4G,2313
84REM9SLGTGJ5KOF,4054
C2K48I36Q4FT1MS9,201
0I5EOJ697D87PAAL,672
S88IL1TA22JH5T7A,892
KINKCGJ3M23DD9R2,482
5AENT1MEQ6ETTISN,1648
7CEFCE8IF9IMDIQH,4691
063MPT719IBI94MM,4505
KES22F37AO0OIF5R,1069
N45EIG52J2A92OI4,331
2BMDLKP17M0S61QJ,3584
421B6DJS6G1RRB10,73
KMAETS8N348TOBAN,3921
2RLGAJTGH73MFDAP,193
D6TMI44R9LD00ST4,426
3QQCLTFNG9SF51CS,2229
42TE04C83J21A8H3,1046
8MORFQR8L7SK9NOG,4404
S1LLBF9OT6T0RJKK,7156
58MQFECQ0RBI5ENK,4557
APFJADH4G33HIDA1,5813
MB8LECQ57LTPR0QL,215
K2K3E6O973O730BL,7385
5KKNJIJLHMDB4QCK,339
4JBECFHQBIL4EKTB,1242
OA16FCG3ASR39KEM,182
KIHL4D7O7DL51PKF,851
SG2HQ9J5PFBPHIO0,70
1TTQOFPM3JENLQTJ,9083
LEK5T0NP6TGNLHAN,9663
FFE0HFO16EGT5TI3,181
N3AJKR3MDEFN0M2M,6751
KJ7BTF2F56DQ1T8D,1713
AR8BIJ893PKA95GO,2644
IA51LF9BD7TPMJ3B,3835
T4SKE38QKKR5BF82,269
P259I124LDGI2HR5,126
DQA1H73HOBJTBA2H,49
DT0JEJHQ1FD6H5J6,257
CR4T2TBJJ1SI39GI,67
2TL4DREO6N0H82KT,888
3EJMO389BPTR64ON,184
EH1BP0D3TE1A1098,3061
0AFJO243L3L5FM9B,3047
HM8QBTE0O0QECAS9,13650
DPA99NJNGSDLG07C,91
19B5J5CNTEORL3H3,1415
6C9MJBEOBTORFIRI,2014
85H0L3K9FQA26QG7,1976
SHKQD0IOOBN4CGFN,13078
3GP2O9CC7AJIEAPC,656
441KF2J688N5GQ6N,13
MBS7QQAE510AF4T0,21
9DED9MDT8GOFP6KO,64
G2NCO6PST2AE77OH,6788
TJ60N0P0FDCDEA4E,6475
4P7GTP528EMNTQEI,502
N18GTDD6429BFKHD,118
7G067H3FTHGIDA8T,5
I0EIT15EBCAPKE19,8107
QOMQ60I7IBKCHF5E,1542
01HG044MB40QIQ3T,81
P832LCT9CCE3NDB9,129
P4KIAR3IT2I1TQ3M,17
BOE27LANL31G186Q,659
S7AQP51R6K0T0BA5,13413
0M6I2N6F9I5GI6JG,5437
MF4TLH1CAO035BKL,146
AQK3OTA3NCTHQ3S5,3257
3B29150QR9SKI7CE,2185
QE661G39IL85H1JK,53
G27HIQ4Q0R9H3J31,86
85QPJJK5BR6H5ONT,5877
M7FMFL3REH0I6DE7,408
S9G92R9O0B8MJAE1,7055
93IJJ8K92RM2OHLQ,1539
8I6FITL5J7S636J3,3490
3MSSD9RSGEQ0OD69,589
8LS5SNSKO1F6BM6T,7838
LMF8MCF19916F9FG,418
4PH5K5LR41TLMP00,2257
PENPJNDN640A03CF,16846
0LOIQQOD78MSIODD,3051
198D3BBT852FRTK9,1055
I2N40QCQSLI7AKHP,5693
NEI6HGAGQTFTFIB5,2685
FP5QDNJ3C9EG6S7I,298
N3S6NM082ESSL11N,5851
M92GSEMRO3PNNT3N,5592
K8STBKCGB20AMTLL,8760
5P110TR46MIE8871,5649
MBBGT7RMKDNDQERF,1364
3MQKM6I09CPHKICD,9712
HNQTT5NECLDDB68P,169
9HEEP9748KSCIFG0,5750
BKG9800JFLQJJTRP,4828
QHS1JMJEK7O3S5RQ,3187
NF91BK3STHGNCJKL,169
LRCNH624O01QJM2C,6137
7MKLBQTF8RPKL7E2,233
39AEFH7N1CKHDQOJ,7720
CQF4CMLL7BOBKLA7,133
761FOKPNG6AJ2R2C,133
B9NLMS5993SOOD77,1224
DP8NS0DD1KDLNPCF,14910
B0CM1HQFE65973RC,5762
8J2TII36KI8SPSO9,38
6QN1E4EMN1P6TMDR,559
68703M8444I4CNBJ,3646
G057I7TH5JK2NEHB,3480
QQD0R497D5FN3O2Q,2406
JM4N1JCRQI5PL8A7,545
LTGQ67BBOQNP7A6J,1546
KIF10JSBDR8GMRT7,25
2B2Q5F95OBN5JC7C,4824
DQGRTDBEQS8ES6TG,117
NQIBB0BCOGIO71QI,387
BSNKEN816BJKPTOO,554
T4785KGAMPQEH6KI,1523
CKGC9B6TEGEC0MHL,4018
Q33C9ETJ11M8JOMH,1
66BTARSH0FESNG6I,55
7J0C0CPJF4ML8ASA,5298
BNKPQSDNCERTS7KS,7561
CEFS31F1S4GHSR0C,132
B2TD955R83K1TKC6,198
QTT38HLT9I4CLSB2,33
CRDCI6198QQ8DCAI,1882
S8GF9GEA8SM5214B,90
11SRGJCE1CQ3TC10,855
JKSFNT02H80R4L5C,100
H47AH7T26D0RN7A2,1696
RJHOSDC70GTL9M5H,1596
CDG01QQ7K784COS6,114
HRS1782KH4NL9LCA,75
GQBMSSEODDEMQ1K4,7871
PLCPB8MOD6M1K1DN,8641
14Q6S22ENGDIHA1L,12216
B6CSL3J5SIN5GKF3,44
TAFF925GA5T7PEGP,506
L9MSMHM49OB30995,4761
PQ4HNT5T42EHJC9K,122
CDM47GLB90K1DGC6,678
LH55OBIOT2N7EGHR,8541
4G783E2PPTN73A0B,18
Q0F6PILP6Q29JCM0,3933
48H3ESD87ON37N38,265
BBHCT56KJGD4S0LR,1799
9PMJ4CBE5J7CNERN,1508
BIQ0QR4ETMO0BEGC,1626
HJ4DQQAL27COT9GK,7057
OOF02CF3E6BO0OIR,6158
EE6919NSTCCF4OGA,126
S6BHDADLL1LFO6JR,1319
B6SALP6I514DMKF3,10762
9MTNMR26B26ST162,45
S7SNQE03P9B0MTHK,3016
ARD1K2MIHS1KTM2D,1506
BN7T57PE3QEM40CQ,4763
4DLQG70OPO3A443T,6936
JC6J7TCPNARCA3DN,163
PNC6TIPMQRBS6FQB,2915
982LHA1I5MBFSDGE,47
NH237TR6MHBHNOCR,5933
4RCM7AM60J227M16,105
CJCEK01KSDIJ047M,110
7G20SEL9I19M91DT,680
K6FS43A9D3LDAO8E,374
BL4BG9J2O77TC50G,5921
6K66324LAN2FM2F5,1017
8SSCDTO2LDBHGP05,1694
31EIC3QTRQK7FI2I,60
AL8PK3KQIG6TA76T,3
SSDRG5LG7BSO6EGP,7983
1B5GDC3794PSFFOJ,202
GR3MQ52DSRECQHC1,6353
TQQ6INR1DL68N4ET,4936
K31C5CDHRIRAOI25,216
ISN5DA2T9BM2DG81,164
PS8M8OTDAIK811AT,3096
O81ON6CK5AMGCI6C,1679
54T3T99M38DQCS0A,2
Q2A8SECECJEGI1NL,776
15NA7607Q0P0B00H,24
44K59E4C3DMJ0RAN,744
1HO0MGMMB9IB15DQ,4583
F58F8FSN073TRTKT,2110
LHK08DPNSJC7A2QA,6266
625G6QGCPJJKLC6N,563
CDSO9I37RLHABTO0,136
Q78GCP6249HOQ6HG,465
SOATPKC3HHRORTRE,483
6I9CNH9T9P1ID6JS,938
H6GOT8N5C65FRFP9,1365
GSSD8LEAACRGAA8M,12777
CJSKQBBMQMOLP3T7,3578
HDDAM131NDCTEE02,661
OEBOHK8SJ6Q8PNIQ,3277
A7NCBKJP2D2GGR2N,704
B57JT0L0NIM7LIDP,86
LBKQ86303M6KT89J,280
PD7PNKQ7FCM7IR3G,188
H4R9O6HFB62S7DE9,36
LO5FQD35NNF6GT2A,2602
NJI7F0BS2COB00LK,215
GEBN4DJI506QJLD0,1974
IEB8ATICPODE18B3,11202
ED5T8DKHQDRSCKQ7,5122
5T4AKJHR1O8AL0GL,977
OBPD40FI56KS29IB,214
R60OG7LQ14AJEJ8K,4106
TSB3QL9IEIJK85CP,607
8N3QOEBFBFBDPKO5,2268
T5Q43N5PP4NS9J82,5877
QK9CPKIGAD5MCDTK,10502
Q9QMPAGLF7GKLP3A,3196
12FL92J9NBN5EG7A,567
OS96HS9MCJNP5HHO,79
OMTBAG3F14BL2EL4,1157
F1KQGHLN9GBHAF0P,4573
EPI5127EJTHNRP1J,403
BPM5MFP836AR35KE,129
S2H604JJG502EROB,240
8JDH6F6NF7056KRK,788
EJ283B3E917KCR5L,208
4AICN97BQ9B565QO,3226
SOIN2T60N1AIFFIF,1406
85CNHSEHCOSROR2H,42
GR976OK06CQHIDE4,1267
8K86M8H1L9C47AF7,1440
QQ558Q101O04NCOO,1764
0QN0BQ4TNFLQ6EQ8,5642
3PDSF1621LLTBGO0,40
TN4BLNDNTGH1G8PO,4984
9SBT98K4N40SQ5AQ,6140
RPKMHCMI960887MF,136
0GJDLEF7B9K5BC3G,720
PNQLJFEMQONFAOFS,146
BOB4FLPIL0QPALJB,4563
AN485COR7LN6AD2L,8106
7M10I6O43RL6NOTF,1396
IBMC420IB5MDEKOH,160
OHQ6QD7F7DBBTTB6,1980
LG5D4IAQLB44J8QL,6507
D3F5303JINO3GOS7,59
6H0ARGB62C0PRCOG,9282
LGLOTKSCTEMB6P49,3465
P8OD4I7O48IIT075,7117
EPH63HDJOF4OEI7A,2005
OSE54487LKK785N7,277
CM86GGDEM847POP0,4314
9A37DQL75EOJCAP9,7552
B9LG8M40F4MN9T2O,1410
REAMHFMQHPAKKG2H,549
3AL4OPR9E50I5N45,200
EA97G6JB53JJ9ORP,74
303BLQEAIAK047RO,783
334D4CK076OP4N96,6523
4E3P3T2DIC15JO4F,32
CBNS13FEBPD22GEF,59
SSO6LHSCQEPF1LDE,1277
DR4C8AI9TA2SHGTA,116
8PBLA7COQOC1C3NK,6266
K2D5B8ODHJOBFBKJ,4039
6LRPH7NSL1E9T859,4366
JSAAM10Q9BG68TSC,4122
EQ4CEIIS5EEA9KPK,2433
2ECN14ICLN4SFI87,30
R8LJ9BH6948LBSKT,1569
M2DD5D1B45BF2Q34,3909
E4D6ATS14GMDSJEP,20
LQTCFF03F5B3GDAG,14
J5G68005M1SMA0M2,6068
8JARER47CCQOQCIS,75
LCRQFABOT6PBF3BF,4
4MHL820B2ORS4JEL,5295
KH89RFPTP6DQAAEM,423
SBCM35F4B45NB7CO,3894
K2HPN1OI1TNR62O8,354
KOK82KBJ5LK34BR5,969
CTE9M3LO89QSCRIA,1336
G510FGLA6BEL9PHM,3757
Q898FJACSPP4CEFS,1509
4HJD2O6LEGS1OSFF,230
9CRA2J6NJ7RNAMB9,147
E857DC0S7NLHMLOS,2740
D05DPQC3295794B0,861
DFFBMCE2QPBSACIF,807
G2E566N7M58FL52C,1562
564CFJH0GHFK6DN0,1133
G3N4E9MOHOB882AN,4806
G7M8I7Q6P5A2G32F,5466
QA7PAMOIO9EIAE8J,156
6DMB9A1BO321CSHI,2564
N1SQJE4G8GDH7S61,16040
2F5TORIJE38FT0A9,1937
EA8CTL9IPKNJK964,1585
EQK4JLRGAFQFI888,68
FC0BOEI2GI2JMBGT,9
6JC963NATIPJLL82,836
2A958ADDQFE33I9T,5565
N9OBEKGHOO54RIN1,2847
ID5KC0NHFKP3MM07,8252
FOJTREK09NJO2OON,36
QNM493M86HL94MFT,333
ROCG43OA921P4HOM,1677
90GS6A43NPOH6KBJ,1221
0QRF0M1L9OMT7CNH,743
94RNE0JEKFMQR9G2,12
QOJNDMTA98D50J4I,237
ESSG99IS9NDRKC4L,1770
K3DGE19E3CGRN8AI,306
BISLO11SN6NT0DGG,66
D1MCMQOCI3A69KPC,112
7A22R01AFMFF0HJP,4211
7036080SN589BLMD,100
ERT6RSDPQ14K6OQM,3460
1PIK0IE9JCBLJMSN,2682
0OSKOGI7OL3D748K,305
PFJ4AP21MPQGM9DS,3037
SPJRAFEG7DIJCQRP,7968
28GF1GR3MEODBJ07,11025
23N77S8PHTJJ7AJ8,160
BQMF75J17RPNQPHF,32
R05B78D5DSD1AQ5G,4677
4656G0ANM997I365,8855
SB76I03CP2S6NSBE,505
EMD9SPH0K6DHP936,1215
KR79O270DBHNQTSQ,151
7COJE2B8ITLMPNOD,1322
G1C5LI69TDPLG6S0,11865
BRI58H4NOR6A8QCD,6134
T0H61HT3A06J51G7,3915
57H72382Q727QTCH,4
708BD5Q11LJD0S4T,303
AF6KICSCINQO6152,17
NMHQLB4T90LS73EG,673
308DCN2FJN8EDHCR,27
IC77SENGT2SFLJP3,5748
BD3KMP37J6BC9P9D,2655
JATEJNE29J0L2H4S,3153
2E3KEPDRFPA17RET,147
0D3HB3GA10FD6H9G,412
BLC1INF1KND9K94L,733
13NK37DS2RROC1ES,471
06MJMO791GMB6Q41,868
2FDCLFRK0HJS8QTB,2083
R3QS4GDHTIF2OSE0,1261
EO7Q12MM6KS8C8RA,180
C3GGPB9G0SG4TGBQ,433
PNHR8RL0GLGH3LGN,606
I93IS0QTO39Q1RIC,3754
O9RDQBP5TD9FIRL1,9051
BSB8NTTK06TMHSAA,156
5GII903G1JGR434P,2344
M3ARGSFJ71018P24,408
RGHNJKO5QAN4QLOQ,1395
851PD431MGGLOLHD,9833
8863D882GS3JD7O0,4586
AR7P6J1HK4GJKJ3L,2903
D7357S88DDOJQBSG,251
5QQ4Q016R6NMC3BO,5458
DCP16E9I72187GHP,2720
SP7Q88OSR85IN4NH,7651
J7ETFG14IE6A2BIR,3998
6K2R5ND9MC59OE0D,767
S1Q8EFO38RJP1RG8,2236
S76FS18BDGK1PC7S,9333
9H128MB9KAEDPPAG,9558
GKTHNITTJO60PM5R,223
5IQJCQP6252D5STP,80
RRNADFB23CEK3EL4,3460
6BM80OCROFCMQR24,10909
0N83TC3BREHK0LRO,3970
TNE0QIBP1G8N5HGD,985
G7JF9P3416DHNKFO,1087
7RF4FK1EF83FH1T6,368
ET8D1C00A2LPTBKA,2171
6HHKQIR5Q2Q3QQMF,3267
87E8G855PRLO83M4,5766
7BTJK0PN6PCS86GQ,6
4EM05NO70GA7QP2F,373
1AK58H3MDM4GEHIA,4805
5E8H7OSF413LA2E0,1289
LCDL87ISTJGGJ785,502
IFTCKHQ74508BB6O,864
7K3OQ59E54H1RRI3,8
E54INP46O1DM3E5J,370
H57GGH81JLBHFKRA,4415
J15A4LAF72HDAD0I,1731
PDIM22RJNB61C8AI,7562
2CQ69D85ET18M586,50
I1NQ1APP579C77CL,12
D51OGQ93AQR80G9K,58
QM5H2FO0C9B96SO0,241
9QO3HG33KHAN8KNC,75
31AG29GK235N5B7T,177
0674FBE3GG9EF5A9,10214
JCHKH5K1BEJ83IO8,6486
0GS4DTJ545AJC5P2,1429
JR2PR8DCAKF1044C,174
DHTCG80HMN9284O3,2918
PDQ5N77RGIC1K3O2,416
RI9P6KMBSRKQ1FIH,29
CKMI4JMS0B931N38,259
50BNLH33TP19IQBG,2634
8GJGFTAR5DF3FDGP,7383
9F1I6ADGSKQ8G79M,997
IG9DIPQRDTOI9BPH,668
PLE3PSKLG2IT3H3T,518
F85JRTPECOJ9396L,93
PS2CMKSI9FJ3FIP0,819
8EJJFI1FN4PS9AJL,99
02CBLI3E9KQGKNFR,3247
QKFSI9EEEEC3R00F,6521
I33K2RMCFNN7JEC2,2421
SRN1333JA3AN1QQK,2101
O8RFDDAON90MD79F,961
1RGGOEENCGEQSTL2,931
537I074DQ8ETSDEC,460
0401QB9BCDIOMBNG,158
R26BLRROGAI70178,108
MFG29QSJMM33R35K,10385
BORTHAD40P7PBKSB,1748
6G35SRIAK2JE6OTN,725
1B5GPBGGF67RD4G6,5307
SD4SACCDQ6SAGAR7,35
HN3HHA4D42LTM79S,1846
K4QTIM9ML8E0G7F0,1186
LE0DSR7ID5MDMOSD,32
71QC0AMEKTPC21CS,2385
00406GAJ0LMI2NDM,2529
56KMCBG9A8H5983J,124
P9EP9HNC4I57F1T9,1
DJDSPT1CI4DB1ANL,2822
ELS3TNJF7B537R5I,2489
B2THN4LICNB3GJS3,663
LD10SMNLM7EG1SB2,759
O3R590QD3P6I5DTG,702
6RINDLM586PH9T7H,163
2KAQFL31CQ962GH9,4302
62FMKHA7OBO6RHPC,2650
E8C7O1928STAH5RB,1626
RJ0Q9F0IPHMRBAJC,134
8DDSSE236BRGSFIP,339
860FO15HB79HD9IS,2345
QPI6I1QH60QP38I7,5692
7E7KQ4KECP63EPRB,76
PPR1T1LBA5307N3O,360
FIFG42OQGKGN8J6O,4822
291CF1039A4I1I85,6
LFQK759M55NQTT5I,396
M8M0I6FKDCEBREI1,1835
1N4P1O8DJGO3NGKH,8790
MQMECHE5JF4SP4SO,125
DKI8O4GHBPDI80CF,5204
GIDADFO3DAOALGJR,2805
JC9SSASKNEFB67MF,1107
0MENNI0KRGI47O37,4223
AD8M1LIEBAGHCRHG,125
6NJQ6PD66CFDJE7D,565
ME7E68MCPFOFGPTB,6117
Q1DGC3270TOM9117,14779
1PHMSN777IEAR1OR,3515
CF73T8R0ROQME6OS,151
68533K85GOBDMH58,659
997T33J096M06MI8,4168
F4QR63EFNDO76K9C,2226
7M0LQ3M166973QIJ,210
TES0BDCRL8FJCQIK,388
TI6JD20PMLMBAC3E,6524
3TI8EPG3O0C87SPP,34
IJ9B2F8D9L8705P1,4116
MSKNN3H01EQ6J5H0,39
R84N4L7B47BM88H3,258
26S8TG9LAHC1HJNS,420
TNO94EOBAF7S3LRL,2112
JPLFHKL89QDBDN34,4024
7J4LGGA94R4D9M04,6542
QSLQEI8BAIQIQFBS,2420
HLC3PGDMAQ2N6I1L,2464
HF4TJHSAPCIALM4C,2081
M5BETLKP4HAOMENA,2283
MRJQQKSFS0DL6O9T,3440
9I2OO51T4F8TCN8H,2447
1GO04QOJ7B2CQEL7,312
RMBH795LOHLHL9H8,35
728TT7O7L0KRBJK5,6747
38RP2RH76HQ8DTK1,216
OJKCM3ECJB7G0M2E,1315
LRD1DCK7L0TRQIQG,456
RGHR7OGHT2ACCKE6,834
319HTTN1QJDN7IRC,4341
K4AGL6MOETROTJS8,207
S3060F6DN40SA1LB,1538
H4R8GESGSMIFNMDF,5222
PAJ3OM3LC2OMPGR1,1371
8H6BCBHF3J1PB6Q4,5199
S6D4JALQL63MC456,866
J7Q5P4ICBRCP9ICO,377
99JECISO7D5CIKT3,2115
RA6S94D149S3IOTC,648
JNRLSOFJ48DKGI5G,18
LDGTQ1HIIQPTRL7Q,7379
N5AAFR29HI2285GA,10148
LS5LK590J2H2PELE,2077
6RD0BM1RHLKGCJ2P,510
7SP464J06MQ6N7AH,6849
RJIBLL8MS7C7LIPD,140
731M4BRQE6QLO522,3914
L8P22L11CIS8639J,6125
1C1OBO4TFAC8HP6D,2511
RJPH047BKQ42FR3C,3551
8OLHCKMGA2S157QP,3447
LLKA93S2S53C3320,959
FLRPT3JB82H8DL3G,315
E7B7CHI462T7LPLM,1021
6JBE24TK6RCO8GLS,1960
P12ADTD01NCMK8OH,318
2S9758BIAEH288H8,545
E9RBK51RN8OHSD6C,11
9G6HBDQAHEELQ09E,512
7C0DKL09BM799P32,1509
N4KEFINB16DKHBN1,6
PS9CIGE4TTMKKQGE,33
RG8S262RQDSI8NHM,785
FS5TE18BF64EPNHB,888
G61KDF1CODEP61K2,77
0CTI742QMMANCKP3,2531
25MR2QTC3QO7QO93,7
8EOQQ2EQLPJAQ7MG,5451
K0OI4ICOBQDLIF7S,7022
4A7JFSR1P3EHA825,3135
D4QB1HLO7QSBDCLL,3543
C9LQ2RT1JCF9TCMA,2082
RFEBJ59BQ324MM6H,1654
F2B7498GED22HDNI,585
75LLBQGHK5T95O9L,4803
PQP5QOP7I16RCR1N,76
CFHR54N9SP3057ET,182
MDDBB6HOOOHJ729B,490
B6IEH49F2FGF0QRH,271
2GF6L6SETAQG1S8I,4025
6NR00EJ46696QL8H,1503
F8JEKC425JDBKG1R,2651
R15DA7RH69C5S6J5,232
BSGE274FHA35DJR1,6169
L87L1H0KP0P2M000,74
MEL1G84L5CKAEK82,332
J32IN9TMDO4I1GHQ,197
77J5JTF56QONRFJF,167
A1D8AMP306OPH2ND,2826
GADEML56TQ0NR1OJ,994
Q6KT3FDB0QK9LL1G,14893
OPPH7LJFTSIPERHD,973
GJ109F51IQ0T71PC,346
8EJFH1AAS5T8C17R,1919
23LE9PALBIPAA76D,1080
NSODNEDBIBFBBEA8,4034
OPP959346JCIBFGM,520
E3OBN43JIQ62B5C4,210
Q3RKSLNMHP1OHG6P,65
CHD5CD7L0BQSA02E,560
06FCS7PCDKMM33PA,1255
LRPBD8KGS1CN7IRG,957
9TDHSF62ER3MJ724,10336
Q24F8LJ0M94KRKF2,8720
7QIC8OIMF3T2GL12,869
HDB8MAB335LEEKOI,1809
NPN0RNGOTFLKE3J7,10327
BFTL94LQ76B9ARJF,5128
0H3OGP26SCRC9T10,1725
DSTC6IC7CBS4QLT7,580
2O8PS6N9QA6L3FI7,213
3O93QOMQD2H4DK0C,13441
P558ESLBFSNLOPBL,599
5KMNKS9TP65DN453,5840
1SR6AQ77E4AH7LF5,183
P2FD3CCC1RCB2SCM,894
EH1E75HEEFB0TB7K,3262
94QFKKNSSDT3760N,1390
F8ID6OM7PPG7SQD5,4639
HGTQF39AM919KK1N,2280
T53DR5OADGM6F9H3,218
C8IKS1INMP5FDJHR,228
Q1BGTRE7IFDBSPE2,9420
9S0I86CMOJG13S6H,632
HNI26KG69LFBCQ5T,1662
2AS3FMHJ0I6Q3QOF,5572
C8GPGCL66ORLBSD9,14141
F8ELHMKQ1JGKT2FL,1707
DP8MTGH88N1HL1GC,2940
845BRPLM0FQCC0PQ,16744
A2A83H9EC0EMNFDE,1312
NJ9FLPACGMDKCT1T,6917
P4P76NB9CD74B08E,200
50CSS64TGQ5L8AED,4
1JPBHKG8663SI9I6,1117
043ML37RA2AICSR4,10099
F8ICPN2E6AGQGEDG,1370
5S3JIGI8KOIJ8681,219
H8M8MKC4G25BF5TA,3121
20IGCMQR8RLN2DEF,8
TREME0T184CRGSAD,1668
HGT5FT9GN8PIO33O,367
R3TPRN2BSH26SPJ8,4029
7OO1IB2SBH2RT24N,4
GMIGSTLELNMAJA5A,3516
7OR79HPBMLIFDP63,3504
DNPA634GRHRSO6FN,143
5EGHQ3DS092N3LK6,968
9TKA61RE995HR1NE,8
H40BBKOBC50TML44,15124
29FA682798OBBHPR,948
0515PKQO9O9QLA0P,16
FL3LJ8JKK15NJFI5,254
8NPREPLE59DBFGO9,3737
KI26OOBRBMJISEOG,2113
EQMH4JF2RMNS04TS,559
SO11JSMQKSE0AJ77,9936
1IKQ25P3Q83KA42S,8195
GGMMB8JNK74I9H0D,2293
C1OLJ5MI12DD6CRN,38
LQ3ML3B1HSGRSDQ7,182
QQ2PL1JGR40I8PS7,432
OCOGEA3QMG2DBKKF,165
616IF8DDT23G9LS1,418
FA99R8H6IFOQ01F5,2294
SSH6KGKK1TOQIA2T,135
3H68P6RARN5O45D9,1121
KA6RIOB33P76JCM0,168
6HNLFOQI5MPF69RJ,317
5LO6PMAC2J7SI126,18
D23TLLLRM828ENKE,69
EDQTC5E8DT9NF15A,4903
A0KHALK2O746TJ34,5632
H9Q20144H13EFT3M,322
KG5PE755Q0C18TNG,3055
P8MO8SEP75PLILRS,2051
QI3FKC28TT2NPHRE,308
48QOLSETOQE496IB,3913
J5MLMK72P46R9919,1564
4S6R588J2SF98LI3,2250
4FAKIPS99HQHEC85,1158
TJDG1ENQ4QTTJP4M,10671
QGP9OA5SAMSM9HT1,48
RE83EC6A2S97LL1D,308
9K6GL91J22KJK6D8,125
H3S2LGBRP5N14KBN,4500
HNTNB538C3KON1IN,278
B0FMEOO0BNL2EE2N,9676
4HP8JFNSIBQBDK70,51
7NTJGJT768HGBA0E,26
AE5BRORC2B1K9PA4,6546
I6ADQG7QMEA1MI2B,3140
JMBD8QC3ROLDMA9D,2395
8FGTD099789512FO,2428
FQ43LH7817GO0EIG,407
1GEC2H1HI5IDJLDB,9928
DE4S968ALTKBO177,15
TH2RHKNLF9LEQB4L,3966
QQAIHTC6CCP6T7N0,170
ILT3O030FSSN560F,58
6C8R7DI658F4F6T9,10295
CMHBFDOC82JROOLI,313
8PA0CTFTQKI6A16R,2599
GP9KRADHDA7N92DS,1716
14J3IS6RJO0JRCBA,1988
0IK9CJ3LO147FPIO,262
DD3C369SE2HE69CS,643
OTKP369FGNP3OHKK,5851
D4EMAB0I3DM6D1LR,96
PLBB0TA0TK39RBFQ,270
E1T05K4QFA0BNTP1,131
LBB0CERATOTKTL9M,2599
6KAEFP542CF3HRIN,79
95RCGPN5HOB6S227,3131
7TLPBLBHBH9DH27D,5289
1TA9HMP97F16H314,1537
LANE0LDLCF9E7PB6,304
16L94KIP08RHMA4Q,108
GT7DOR091S8A3ATC,72
4181SII3G9R55GP7,638
ON2DBD71J2RSSLKP,2207
8EFIP676AS7MHLH2,756
QC6BEFKI8GN4OOLB,7874
KG1DK5G2E50DGDNL,595
1TQ90R4D2S73262B,443
DPGG5EO25TOERSCP,5702
1CH55SSEJ128QC67,81
J727THT54LJBPR6K,13500
1E594BRO3EDNCPN3,1651
81I8RJ7MMBOA5K52,2383
D08H88QCG6CG783J,4043
K1O4RB61H48BO8H7,2040
HIOEQRD021NOTM60,1399
JT8CCIS3T6S34TN4,1619
S769BH70R9744COH,26
3PL1I3NPOGTSJSK2,4246
BI1IFB02BDMRCKAN,106
9SJBRGAK9SMKMGS6,1666
DQTHIICBDKJKOA2R,543
8607AR9M903Q1T63,520
MC7FMS5ALQ6N14CS,4440
BJENBPMQNHMO1RB7,161
G788PP8MBEJTOJE8,649
K4J576H9FSRQ4RGD,2019
ICDECHA43B5RAOC7,5725
9R7LQBOBSFB7EADI,2539
8OF9599ID0I624PN,8526
0DPK8O100960D973,212
FLHMPKHNQIIG6MS2,11048
3L4NG4LT8N2GPIHI,979
RCFJDAMGDCK51K56,1880
03I1GDQTJ9EOKGG8,2584
NAFQA4BTEDITPDHJ,168
1F99OHIH3G3J0TJP,955
NRI2FG8O1Q8C8RFL,4504
PNJ83ROKN7298KE0,90
NH10IMSO9PAH6EJL,6311
1ASKNGRCAKF0K2PB,1266
20H45TBMJTJD48CT,1850
046NI3IOH90L5SOA,7926
CLBDNSN1HM1GAT96,2876
569QJ8HQLP5I20SD,1331
JOK7KKI3BNA60MCC,1152
P4BEFMPRP2FSKRLE,175
R1KO7GN4KM4LQLGE,7007
26AFCP0MA598P3TQ,141
1KDPN9IPJJOO44DJ,1436
C3CSR6062HQ5GJOE,3887
40P9S2BAP03DI0R5,3904
5NHOSK3JJ4J70J5E,6042
BFNBMGJ4PO6S2N7B,10037
321KJB1040E2KO6P,103
520LAL9IQMFFC5OD,3955
IE6OC6GJBMN6HNKF,562
6FPPBT8PBS1HMACR,2293
QEMJH5JSN3462GQQ,36
4QI7977P7F30LQO9,2112
HM0NQR2185TNJD5J,1379
11B6HCHMQL21KTCD,25
IRIDQEKNAH0RMNAH,84
NKT64JF3DJ0B9BC3,29
QG0OONCSGDJDQI52,91
G04RMD08PC3JFJ1Q,1568
MQAB9KMCBKGIO2DH,839
4O45MHL3DCF7C8BI,1448
PH2ORRA1T53A3JA5,308
6828M9CMP63EOO18,5564
8KHBNFT6K5NIMGTO,9177
7I3QCE5LMTMS0CR6,355
KEB657GQ3J0ESOHE,268
R04CADKICJSDMRQG,332
J9B5DB45FDTCBL03,160
KF826PIP0R9PTQ18,179
48OODSJ43HE4B32D,505
F9K7LI874I5APSP7,2413
139FJPF0LEH2IAKT,4172
22AMFC8H4O9DTGI3,1128
RPPQO842CO6R8567,1173
87BDBG7A0L5ECHN1,78
LDSIIE2I684L4HCI,6865
8KFRDF90KT0GNE47,20
D52ARKLA7C4F4129,130
PCK5GBCTHR7PDKDO,912
RHN6SI1TD7HITPPS,3366
IFTME3445E11E0S5,3699
RA1D32R946PMCR82,381
KTFO66JSHD4743IB,548
FQ577HILHCFETC9H,6698
92NTGSQ620I0G43M,6365
NTOQ2I9ICL8HSINC,3592
TA0S5DT743JNOR7O,172
O89NCJKCFD3SOOQ0,107
7PECID5377KRNFH7,579
8N7IGEEJNDJADO87,3452
5SG3PET4LT2FMAML,8165
R0OOTFIEPSECO06G,1126
LMFRB85GK31G0IJK,5503
2JJHSS8P4OE30ICM,1005
EGBJJJEPO49RFIO2,1709
I1A5LDSHG5R435CC,62
3INOILG7L20K7CP4,3266
K8J0235SP5P4NOBD,70
QK8D0T5ACFT56DJ3,402
3F6BN19ROFDMCBL2,317
2B4KMCC52I2586B3,2059
06MS5958QP12C4BI,4142
D31O9E4QKBK65GHC,240
HEP81K7MPBA5SF4M,1524
8JNM212DHQ73N38E,3552
APRAEQNNPIAK2G0B,3728
QMQ3HKAM3ILCMSEL,2444
2RG0BPA2KPED7FBM,291
12RT5Q3HB9TRG88D,84
PQKPNBO9SIQSO8NJ,2180
1H19T1DOPLNM4TKM,3701
1QTGEE63JI8PKPJI,4544
4EHGQRG6742T1BO2,225
AL2PH2JRHI9CQER0,2109
IBLNRK3TELQKHFL4,414
5J6T9C1FQLE2K7FH,1368
SLHAMSSOELIB28MM,9391
3DRS0EF9SDI9TLT2,6
F90JKDRCM6A7EJKH,29
6ABNJPBGOO22BH8R,2336
EDRNI75LIGIJRF77,36
KDEF5G4ACBBM9TAK,3186
O18D1T7DBLQH1MC1,295
MI1SCABOR8I70PRP,403
NF6I96PEQLMCATFA,2977
SG55EMCACMNH4NIB,210
4HCQI653MF5CGKOL,251
0524P5KA15AF11TS,4946
NM9BK44CEHDJBAFH,389
AN3SMF3JGMMON491,4873
NO0DT52980O3ITKS,283
3GSR025RP709CMNM,15
L2M4B7I5ESK4RD8N,3752
GQ0CBJ5BJSSS6TSR,1184
39TSS99MFM57DEAR,5732
QGTP8M37DF6MDAT8,20
1F7N75I7JT8T72ON,5710
MFK1585CC73E2A4P,339
37KPISEK6JL0A8EA,2471
GLJ11IDDOOORELF5,1880
F0C962EIP13Q0537,6624
8D0E94D8M73S4JPJ,90
6O99F6N5BP8EQKQ0,2308
QGFSKPNM3M5ACOFK,4818
9QLSLTA1AOPRSD7K,4787
NM2BNK33PBAOPAF7,5380
BA3KI113NBDTR4C9,856
6T89LPH5CAIII9B6,2814
FSS9TECR62O1G320,2
KOKJCH5MKCGF4E4R,5418
9012R3AAEJ4A8MM2,104
25B3ALLFMH185CRH,2169
A6BDNSJRMJEFSHIJ,1753
FQ89GPHLJI6P8AST,760
NN19BKEJPEOK4CON,183
0P9O0151KA4DOSSA,2670
4OC4DS18CAICOA34,3878
JO5Q7GDS14DDCQR9,1022
GACEQDLHFONKFNEK,136
Q9ENBJEH5KMPE6OC,6867
16CKEPGJ3SHF1LOL,1
O58P42G2S418F4J4,5178
APJT6MJGM6QNR1MP,7607
J7B59G4A6IR93BOH,48
2O6TAREOCK78PB0T,168
MOJODQCOAO8RLHE0,295
LGG2IHHLSM7L4SD2,2069
S4G8745LI9F2QCKQ,3413
DBH0P8NIE0KNI5BA,5401
S948Q11ON21N6FM3,50
QS3ANHS7934RAIE4,2103
1LPASFQ5NO6L08S4,20
RNT8ANM3GA3AFQJK,2367
0CSK31CDTJI0K5DS,122
K74QTHQN13J02HNA,2240
GA9LOI27T4ROE5PM,2447
6TA6I8S5K6EEKQP8,1988
D4IQS5N2OOIPS7NP,3423
LLIPC8002099HT2L,3873
RH7I5KBSTPL41QLD,481
HNPIL8D6NJP6G68J,1465
BC7N17701P2NHTGE,952
4LK3I55R5C08IP1R,556
EOLNTQA9F1HEM40O,3597
KNQ3NM19KDQMDHGO,729
CGG0NECC0POGJJ0H,509
BAMHP13MD6FO1O5R,2094
5C0QTAQP86NOEPG9,187
NR4PJLQETTHI78DG,440
C7P6NT9BG3HM44KM,565
JR9MM66LII41OTHS,70
1JHPMQL6C91N1B07,10234
90TQ3KDJ9HS3A3R5,575
IK3EEN8JMR8AF0LT,451
6K4919KPMCFLJPH4,1997
G56TB3SQN96I45EA,5221
HC7MKRJK5CAMISE4,1980
MF5CJKCFCGCT6POS,66
4FIFQFQOA71KRL21,1023
P96CKBT9H664OG8T,713
DTSBAP5SCBCA038P,1194
O2TE315PO1QDRS05,580
A8OE2GOE60OS200B,140
NAFLLRCIRP3RJICH,6838
SPSFLPG4LJIC81BP,2472
QGDIAPD49TTGN00D,17263
RKLGNI0RFRC5640F,39
JP0O5J4EF3MGD8G0,708
NT567CB04N8AQ68I,913
7GDFA7L393RB7T42,670
8IGRD74IPA30B2AJ,2228
S1NRD1H2H1KL6P1R,3515
557J60M2DA1BF1H0,11895
7KSFJMTNR83CTMD7,194
8CBECQO50124PLGG,228
MSORS7AT4PPNRELM,1987
P9MRQ3AI2N9TM8CE,1147
GISKKTMJOR0S5ARB,8
0GG2J3IC6LSK2CTL,2805
I5FR4FQ41P2FA207,3923
2K93MBCMNP20TRJT,542
79TQIMD2G6M8C5IH,2908
Q7Q64FK8P0QDTE12,8365
F49HB922IC6D7I1D,710
SS8PK01IK1N0N1B9,51
FG409M801PSIH09Q,92
S40KKOMM01GP0H7N,993
LQCOER3NKKP45P2S,110
7HIP38R4ERHKRQIN,402
CKD2GSATNCFLBCCP,156
FHP28HDFPRRI7GO8,8
IBIHDHJBK4233PCN,381
AISBBQH5C1FQ1C1P,302
LFD90L14MTLSS8TJ,282
R17QJH41HHG10KI1,8025
QKQD78HQDJSTSDKH,5182
SOG17A3S8Q63TJM2,183
A793QFAOO3T1FSHB,1498
IRH5F7EL76SCK842,78
3DM8HHJOGST486C9,144
FNAP62GJHP615JRL,1082
B9ANAJN597M4TCR3,12485
RAEPHR7EF7L344BR,1215
EHOR76MN9OL5N6RR,14810
NTNT17T509B397KA,15163
4FSDFOCGME717QNJ,6298
OT8REF17GICISBH2,3420
PTQBOIK7J18F4S8R,3061
OS5QAGFMMF4PP9RN,7051
MA6MQR3P8A37QO80,1174
6B3DBABFP05G7IBG,2520
G69FTO3NT2TGCNC5,6367
TL0QF4D49H6H7PQC,184
5GPEP7GDG906210F,10
TE6BPDF9C0M93DQ4,1813
R0Q00D28R163C4NM,2875
GRHOTGCHTTQE7RR6,4757
9HMM20L72GRA004G,1558
H215AL22ARA78EK8,243
FND34EDKS25ASPKS,1595
K8035OGEGKQ3OMT0,4845
9D95NL89ATS7AQ5O,1165
ED73B06L03F2NADK,87
TN7H6KJH162M8D6N,869
61HH9065C2I15E72,982
KM17LS5F4K7AQ9ES,7698
JP4OTINFOBLRMBGE,473
PC02HHFALA0ALJRP,5223
DHIAQ6H43L496RQN,197
LOMNT4EBHHOPFRNH,1359
A07BIIGTQ243E5P0,446
4R47CPD87H8JA4ER,1428
CIKHGO3BN2LOO1T2,828
TT2RDP9R05N6LNN7,71
Q6NJNCR63P33KKAJ,122
SQ2N288JIQ4G78J8,41
MKGC4IEO6ATCF51J,338
OGKO0HF2FHB5Q6MD,4
70PCD531J1D4JR49,1516
CTCPG6NIO6RI8RGS,7079
GBLLAOO0SR0KGAS0,3223
P4AL4GQA4LRC8MNS,515
OAR8715QSM375I1C,447
CDR3KL1PEP90EAJK,3642
FCLA2L8094PM2GJD,11051
0TRG4F5BND1A7537,32
L6EC3DSF17CDDKAT,1960
CBQ7IN3RKNSKPCSC,2815
2ADMT0S0M77H4B8Q,94
PK14IKGROJ3MI54H,113
1TLCOQ9C21Q8LHCG,950
2L4S18FKFTL3ORHD,2368
ABIOLRL5L7FIBI3I,9075
DO32A57MORERL7LM,33
1MM1LDG43EDDB2SH,699
4N2HD4KA5NRGKATE,2458
G29CJPEKIQ1PBJTR,1603
QT4OBLFNH5F3O91H,262
294R4SDO9L4D9B09,3083
EST0G3L0FI2BK962,6623
QHP043E8NRD495RC,1994
P8L3L3N2I98I59HB,578
KB5GR6FTMO6HAAG6,2367
DHPF29CH6P6HGHO0,1815
PRMGKKSFLL6AAQ7O,4977
BCMTR1MNEF4TD7IL,4764
C3HTE610SNT0MA0T,3916
IH752QGRHSA941ET,423
2BMLITFHBA2LSTSM,1015
JNP3S3N1RBRF5S4G,6727
OLPPQ1CIRIRP3O6B,6661
LFB3DP9E7PAR9TL6,653
BG67FAE792SFE131,1655
S1P14QCJIHOMF30Q,3312
H3L09Q7IAIGAHOE5,14703
N8HN7GJHIAHD4CGB,3281
AERMHERAF7HOCDH4,2247
72CRTEOISQJIMACS,6374
1IFP2ARFOQPNJ20R,109
TJB53I3G6KJQJ1JO,8356
L7F5BL0TLKAJ5610,6063
HMHR9SBKF4BTLLTT,147
DAM9CJKTH02M8HCC,4161
E20EK21FNFR6PLIN,1823
RCJP1Q51318INOC8,12267
EDIQT4T85EQDNDEI,2526
TRIGNQ0KKH7H87EB,3154
L9PMSH0DHL60SQRK,8579
4R2R9D8IPT1JNO85,438
HL691PLCTL3TSN1N,1346
BE32QB394TDB1H6O,0
LOLEFGJ5F5T6FT1H,124
MOG68IE9QQIQCPKR,7977
95FQCR86583H4AEE,5754
QOIO1268OC52AEO4,7623
KK658MHSF5N61SBM,239
K1KT59D214FF5D5F,283
PGEJF3P1G6MQBTJR,1699
L9E2T9L1H7C5F4FD,195
PM48LSG6GAAN5S36,4823
7AN54S3LSBAQQJA9,121
D2LQHF5N20E12CFT,34
7SLIKJFI7H61LQL8,100
IRQPMP0QJALG0C60,1510
INJL6EJHK7C5EI8P,5435
FAP6PRFRT13KO752,3370
B21PL2T799RBGI8N,150
3BC0181HNKMGRJ55,1502
5J9PO6S754OJLFNK,35
J5HQTP4SC1E5816D,510
MM7CH4Q6LJ7BANMP,181
1B01M373TNKR9ENI,1022
QAR3N2624JREABGM,10
JMJ6LRJ49NOPM0EM,4892
M10A3AKF0HCR3QQ5,1264
DH8E7GDL59T6RP3P,728
57NS82F60FD2ABQR,5969
89MDKTA9L70RJ0J0,7818
L77K122N0CI5D2MP,7511
2HSJIMPC3BAL12S9,3930
Q988OJHDS3T57OKO,172
R5Q7HA2G0FOG60LS,896
B7LTC6T5HJ14T3JR,2077
ENMCROSPMGK3GES5,3453
8F9HTDLR3AKTJTKB,6250
BOHC64ISG9EQDRH4,2529
EEQC2GT1SHTQS0GG,2639
AO72KMHG9F9236AT,6472
PRPJS7GA132OMTDG,9764
DFHG76OK2B7FTRMB,14330
HN87H4F19NDD2EQ5,955
9A2QHB807IPHLDFA,1038
G03036KSGCT44JPA,39
69LDQGN70RF4TT97,12816
CLIGMFF5JOCCMTHK,3155
O6DTNLA9CK86KDED,9
L0TND3IHHJ152MI7,272
RPISSTBGR5OQ0727,86
Q18E7CT5EOIQ58LE,2122
EH91RLKD6KHI0E6Q,6451
HOMS2HRSMPNC9AOT,4017
3G66BA81M0K9P5H8,554
TS6KKRN5D5E1RT1K,2929
R6BA481K0F5FOB5S,615
3ATDOAIB388H82I8,2468
QA6I09LQ26JLJ7IS,217
5I4QD538ODHNDSAK,4659
9QT6NGT3ELRBQSJI,414
2HC00T4H9EH47771,113
MEMQEMB6175T7JNS,12423
HMJ4SF67LCEF1BBF,142
ANAFC0HL8HLBPFPO,647
CEKJDS170GGTH2GD,583
2AJT61LO2OEQ9OD7,5829
QH0NDR4593S3MFK0,48
CK38JP697HBSQQ3N,7340
OHIRHHQ4GTHJGENO,2230
07DGD0F6AP42534C,293
30KSNEC0LMNCG1N8,2057
QL75S601J9DIT015,5962
F7J2OI83ACKJ08PL,881
INLCSSEI6HIP5GE7,2516
H50R8RR802IABFJM,12
SR6CAO8PNMTACF3K,2027
1S3J53DDJKHJ9NMN,66
ES748ODM4THO8E1K,134
LMPCBIP0198SC6N9,221
53LNT2CPOAI44B00,654
TGRQ4MANGJJ20E7F,204
P0C4LG6JNCDHDSJH,7011
HT86K57HCDTO5T1H,276
41D8OPDRIQH8MKS8,384
02M7P2H1CE54QESH,397
2N418OGKRIO9P2A0,1527
2A7HO8FKB376IDFK,1277
IAJBIFR506MNRMLM,3008
S7TRQFJ9LRR9E57S,133
KICT6NTQ5MM6AIJF,1368
IOP7CLDP7QO1796N,2087
TPHQR9AH4J35SE1B,722
E591LRBKSLLKDP3F,6180
LBNDL6894CSDH4S8,2019
CG981MAG32ETHCLT,914
A769FQMMTTENC0F7,7706
AFKDFSLFPHNGSCII,5602
3H6IHFOE4I35A72F,4357
N7IO7PODL8G6KFBK,1098
49N7T36ANB8MKN83,1529
HJQSFDTA11HDFRSH,131
N1KB9OAT9R31PQ30,212
3B7CLGSJSOBN0B5C,2382
J7HE15HAKNAADT6L,4457
GIKHHAO2949HBE02,356
0JGM8CL8EQ9MBIEI,2758
14FBQTE3285OM7TR,3166
O408Q9OA1S6Q3HP5,2183
AGPHSTLQLOHS5E7N,5851
L1NTGB907S2SQ06J,36
LSTC2MKMH8D0HDBP,6092
SAI3Q837TIRC2C30,125
11OK3ME2JGH1DLAT,5906
T16NQKLQN169R6T0,91
QK2J3C86OFF1C68C,677
NDG8AQGLFPE0FLH9,2932
54H7ANAJ3RFC4EGP,209
N7SK5F434NFHPTIS,192
PK0A4O4PMIHSBPSB,3442
IM05IRO8926EEF90,976
G63BKM3EHTH3Q64D,562
GBGLQIFMD2SJMOR4,918
H566L30IF30MQQSI,42
93R9M3T827F37KF7,229
1CFITI03RKOE8S56,1604
5SJFH33T1EKL659E,10545
IQQEOST8FPLSI47D,2612
P2AOP9T0ML2OG880,154
78PF4AL2RLFO44F4,286
CAN27GCNB569L2Q4,139
S37813KT1R99S9RT,2325
B7OHBJLBOKRH0PHT,1540
2HL5F7HQR177PSB7,210
F6KKTC9I70048E7M,47
5KH1TDQT7D7HNM9J,1121
GGKBOOA484NB8T12,60
5717MRMJC7R418Q8,940
RSE7K5O8DFCETI37,289
QJOCRNKP4JJ5P2AD,139
TLBF4FESRQS79NMS,6564
F6KAOB09SK3PQSEL,4627
EA62HSFETOSGH1SM,873
4COL7CLAOSJELG6F,491
IOAIAHHIGR6F0IBT,1563
JPQ06GARBKPSKOIN,9680
5K8E2KDJJI16OKDC,40
0NM5RRSB12ODQDR2,121
J3QA1N72PA9HQ2QC,174
F85EE88FKTIDC7AK,484
FOTERB7C6RQ35NFM,3242
CBNQMNCCA6LNBF5Q,5342
52N5T34PK5RQ317L,2224
JE04BA73EAP1HBJF,58
8S3E258KMJ79RN75,384
AKICJLT207J79P3R,4032
7L8C2T9328DG6C30,540
RESPHBE5601S9Q80,2963
H9HHO2QGO02R1QIE,63
A1TB53PQQI4S9F47,154
Q6SPB9R1PQB4FBEG,5297
7T7M5EQ78TS9TGKM,151
D3R3KQ7MDI0K3582,9811
PJD6M4RTR9EE85BI,176
9P86QSE3G1LR0QQ7,5471
5PODSD8JO2GQOBLG,6733
D23KJ009BHNJR11J,460
9AMRCTEJSIK5AHKS,6286
Q7RHJL9A0BEAT0S2,80
BLFCGONR41HN8J8H,1659
ANLKDE8Q05RPBF5J,365
ESBQ5GL3HLHR0FEI,1862
P56E8N3NGS2QTPMA,12115
CSSHTQAC0AP6RQ32,3244
28N1S7EHM1QT1P2H,3510
6JN2HAECTGRO1I9S,684
T1CH85RSBB57CN4G,405
RC4J5OA47KDN5CD9,801
B20Q1N49RL78PT9K,773
C2M1LJC3M64398AR,423
F6OTAA66Q8NCKC68,1930
Q9DQQTQBCO3H844R,1813
73M0MBJ0RCLJSMJ8,929
C04J6LRDGM0NP2E1,5410
CG4S04KEK140L92Q,1547
2P2NCFJ9OLP8FPGL,738
S1LEBREN9HFTRF6B,234
3HMGF3LLC9E56DKL,364
D6F270JROSO3JS77,84
N7GBEJNTID0N8HI2,3726
BF64MJD7DPLLM3TH,792
G733PR23NFP1G3J2,2632
7IC6KPDQEF7BPQF1,4902
MSHQOSNS3LHKNL5J,625
P2D5349FF0DOH2KA,4232
DQO9A11QDQPFKK73,5836
0OJIF4K90RJRJSBI,10754
QPHKO78MKGIT535E,71
K602RK1SA76Q2D2O,7634
L3408H83THB6D0M9,2288
NGJBDDGMQIQ8AHOS,974
T5ABBPDKROTHMNLM,562
LLMBHDK2P94K8NJ3,1370
EIK1JTA444N58A99,536
ILNMP9JGHQ38K9KT,136
I9OD67CR1G3H6LRF,108
RHOMNPLBHDORE0L5,2811
9G3IE388NJDF6QHF,104
HODS36BSBBNLMDH3,1179
NTQL2F3TTRO9MLMB,6601
35M2CM344HRHQ9L6,3738
4421746G92389PSQ,91
5EPB0KKHQO9ELCDP,186
3B446TLT1NBNCD1J,445
42IP603LPK4CT1TP,47
MKIB6KMNROLOK64T,3753
SAN4LTRO6400ABL3,48
PIANGC231IRRB6L3,1301
SOA4QCIEIES40KMI,5966
044DLMPL2LLEA4P8,920
M174CSQN41AS4N08,2157
47DL99PFOHD6D66E,3507
FHR16QI528LS6FG4,1497
GRDNRIPQC94HHNE7,6214
6O7CGLMSOTH999LJ,1455
O82N0N592CA5EJTC,115
BQET062S8PG9R6A8,15
SK66N7R531O27F9F,60
AIDJ1BA4AP15IIJJ,576
ES07EKFR7PTH8DHS,933
HF75185OL6DPH4R0,6142
452K43NJ01ESNKG3,959
N8DHM0SBG094QCMB,2907
1CDCK80TD4OT87TM,5274
334ORIGGRSDLFA6B,2317
1GS6HE27Q5DTFMPI,293
GK7F03SHKIN7J00D,2653
1GD3SGEPJLHQIP4I,2173
IDIESJT9PO4J9BJS,1434
SOG1R83JCFD68RQ7,4466
FKSEFEEGA43EC9SI,77
41O8KBPK4E0J0S2M,524
SD9T2CM3P1M1CAG9,3975
6ME0R2LO1MBG3GTP,4449
E86N92RCHKLPQP1L,120
NB0MSIJ5AFTDKCMP,98
6NM74N523P3IS4AJ,7378
6EPELOK4PLM78T78,1749
O5GQI8P6KRGRH817,1991
3C7ONG65JITLHDBN,3766
P6G87D0C6OQF5C08,124
0JSMN1029EH3AQ75,1287
78NKCJNC2QML0BD0,5856
FSQJQB8GO07L2HQ7,2824
357AN35FBEEOBS48,114
OG70EM4IG3FG4CFG,4457
42660N4JSREIIIES,4
ID3DA7GD915SI0AB,731
EH73I14S8KCHCMAD,1706
B9LBFLAT3KNGKJ8S,3385
LOP9LMA7ACISMMK0,3184
6MRRPTCGLC7K35M1,9587
JFSDQTQK6GTIHEPF,480
3M0ACQF5LO7A4JB7,550
G1BMAENH4P89EJLO,5429
I76PQQ8E8CBDE628,953
8JSHDEO225E7EO1D,314
56EJQTJPE7TKTTRE,3985
NBGR7QK42RIFOAN2,3012
TN8NAH7GREP7IC4I,89
HBTSETSLF5KRD86M,2676
DGOAIKOD4QKC6JGR,6
SRLTGPMID6EQN0IF,11523
LBEP8E9T9C91T7J4,5883
8RATT8LHQ0FLIPO8,5845
PHLB353PONS1RHE1,4428
HBBGRO027QC9BBDC,3769
8RT7DP5SERSAF3SI,3301
IPK05SCIHT4MCNC1,844
K43920RCBP6ENI2Q,8207
4DT9QE7QJT2FDKPN,2574
KJFEOLG31HF31BOI,12815
TS6P02CCMD13PQE4,835
DBMSITE1EMC2E6SD,13050
S9HG10SF2PGGSBPC,5695
32GL8KC4P594HMAB,8754
E00TMNRJ1SA6GMT9,4775
9FOFT1FHB9TFBH69,308
7643JKCCTBMLHMJG,431
HM4393017H9HGO4S,62
JLK0L4TEC9O6RIK1,117
AT45FRTMHIO8GH9M,72
24Q9PA91SJT8RG88,12451
E24Q6405IG9P4BLA,736
3A5QT6KIKE4E30B8,2813
L68EP0SSTHKTE0HR,79
JJL19G187DS7RD6S,1849
ANS86GB1SD69PHQR,14300
54IPNK2B44ND6DR1,1323
K029CFK7BFRL64O5,1244
4ESQQ1QPL8BEIB2M,3044
NBSEGTT2G8TJ7A18,362
2JF5NDFB26L08S2J,7260
78E3S9T42TTO0BAJ,363
JNCG2JMRJ91B5LB6,7622
5IQ58JNHE63TSI1Q,2785
N6C9LE541ALEQFP0,3913
AKA3K6LK7EQ3PH32,3605
OB719DD51N2E19S3,424
A93K8LL60OA39HEG,4428
T7C0IK5QAJF9SG57,282
G0E5CJC2DF1GR9H1,856
PJQR41Q3NDRD0409,3189
GFD496FRH2BP83KO,1474
6CQAD9N46AKICCQF,214
91PRL734KCEBI9DF,20
LJE8A6MM7E11SA6F,3227
QFM4IG62BT51QQN5,105
2DKC4RBB90BELAKE,103
GECKENKRAKFJAAEL,5559
RL6JPNJ9G8PFH79C,313
DI1OT0M6KI1NGH60,2472
SDJ9M00TSOHSTOGB,193
SQBO5R8NQLPF12HQ,5780
56QG64PAAPA3BGT2,1576
S0M6DHHD6181R1E2,2217
POHR2L1BGO70ML0M,176
K4IRBPSR4P00KIRD,10885
1O8G82J5D4A6E1G0,3023
P0ODMEIKISFQDFFQ,2821
5J1DEM0KMGH2J49B,15805
1RFHTI19CAN2QP4N,2233
04CSCO3E8N9BS5MN,5005
MRR87D8C0O483INB,8771
T3B2B5TSCFQA0T35,6335
E9CFPEGRBG3KA5GP,1401
1TGFD4M66MM42G30,9143
TKG3JOQ1K89RT9OL,562
TJ57HREATIL6BILF,112
21C79TO07LL2AFOR,201
4M44GOJ14H1369G9,5133
R6R1FLB2ACHCGF83,2559
8DLLHHO0MDN0GM1T,83
KDGJ5PJK4C6R50T0,282
I4956IIC72TJBEE1,1250
ITCRG46LSJQ86M94,3898
GO9T16K0P7D62NPC,15
GES56OQ5B3NQCQQO,10
THTJ9GPCT15MKG0S,126
NCTDS1G4CDFABLNS,3401
OGD809DG9NOPTHSN,2578
927GE9AAMOK63H2C,10
HDSE5K32I9LJ0OIO,2704
R233LOAF80GG4LPC,7257
8S04AMSMI0BASLT1,1
1FCQPELL1NM3G5KT,13905
ADDSLL4F0Q3JS0KA,5855
88H4PDGGRLSS10QL,4480
72DJBPI174BF10AD,74
FB1JDSR1NE91SBCC,5656
5QK3CJAPLS7DP2GB,7645
TLD7IIAR53D1CJDL,3155
4FFOCODCLS5NB6K9,498
QBGF79FNBH009O7L,3
BT9I3H2HK217D5DH,151
0D2004PD45QCSLJM,1114
PONCAGJKD454Q4PK,282
GQCER2QKMAIBRMSL,297
L1421NM3QT87G9BS,2111
TNR8EH9KR3A3AK4G,1707
K8J2DADFR3FD0MSL,4490
44542FM86KL2QI5M,86
G2M8PB96KQ6RO49M,675
JMN0ERH11FLH0LKD,7
25FN7QM24L7E5RAG,1538
5HKDMOFDNIOFNCIL,292
SALLCPFNK0CEBF7F,10424
3FID6BGQS9A3EAR5,546
43MHFT57ATLN97HD,75
5BT3IQH7TEKN6LOC,187
SFMKF667ARHF924R,971
4J67HDDOGSC5TJHG,6361
K7BEJMO9Q0BF1NN7,7873
TS0B8J0LR2IT0ODE,6469
91QBDLMBMQABIHTA,354
NN5M70JGAF83QJJ9,131
7CMF3BBGLER1RPAS,2400
PK9165SR5LTRPOGO,8136
S8NC43D4QT9DCHPR,4707
NPTEO6634MRNKSOG,114
CMA37GFQBMN3F5C8,273
16BKPBO0IL12O7MM,534
M31543N7IJH986JQ,1954
S6TIJ436LAGCNNBO,1109
KKIDQMDIC24SC39I,708
M4EB66BM7KQ2JGNP,43
629MO73IG9EOEG0N,4579
CA9ADSCH0RAB97LC,1967
L44PSHN03OE3L5HH,151
8OB798749TI7NQSI,4796
0J9M88PG9NAP3TSE,94
CPJ5OFO0GNJG46NB,2372
FINKGGMSM2A3PF7Q,965
K64T1OJ9BELRF192,5775
56QF376J4LC5OBJR,375
E0N7IS8A4NASEE2G,1268
4ACTKQRD6TGPQQPR,206
FP2261M9E0IT9FOS,3127
ROGJAGRR52NKGCNO,2879
5Q0KH1JGO3MR0PSR,7008
67KEQ80MQNHHAC1M,5051
TE30FC5BNTG206FT,3108
MT1M5MTPEE2HFDOT,3061
S19IHGECPG4G6N64,9868
7ACBDKIJID9M8183,305
6865GA03TMI4TNMF,747
DK8P58Q2OTM61ADT,102
QAPHS5HLE8M41I26,2495
HPAI746BANODB2JG,2749
AAABF0KOHQB6QEFP,484
3RRH1EREBMTFQE7M,155
C68AK9TMALFRK52F,4355
N14HP9Q0QA72EDFN,2699
2PNFT3HARC271P8L,275
GBH2C1KE2G083GPF,652
4KLQSCKK8LCCGH6K,73
M8E69D3N88RO0903,2480
MN11RCHBQP6KTS1Q,9322
98GHCGSG0FG55C1J,1075
9F0LS0JEDCF2SEHL,4546
KQGO53489JJ2MP0T,261
3S7GLEBKLOTKBP4C,1991
BG6KJACRCGBF6SI6,9234
E0A8JSHNR6A6JGI1,3173
OGIPIEHJD8JOFGOL,3537
5PHC4QQQJD7382NM,2430
IHODG4RHODGGII48,1901
OQQ2Q9O48K6P2RTR,7846
EA2ISHTITS8A89CD,2151
JFL9J92604L0J377,5379
O3FME88K1O650EN0,165
FRSMI3951D74QKH5,60
49T1R4DB48QG37SI,901
MB0862SKTSFPB285,1137
306OIQDL6EA6LQ52,3924
21P3F3SGHMIC28FB,15
HKDLG048IGCIMB71,11860
F9AN6FEAHGL2R6GO,1582
10E47FPHH4CPI86Q,357
O8OG8B794R4E1NBD,80
C6M6C0P6BDFQ0T85,277
GM9A40O247RQN7R4,493
4HTH6I14KOH2P74H,4471
KM3OCJPSE287K3A2,7166
6I0HISHJ0PP4LASK,290
EGBDD2MFON66JN56,311
6B6DHJB1MRKN4D4T,1436
IMAE3CTG2HI2O6OC,6097
0AG1N2508CPAQI71,494
LL0M8IOM65GT20BL,382
GFASAM20D0F2K2K0,3332
9GA42BKG29ERAGP6,21
ER85NSIDGN6KGN5F,3960
LKPL2NFS1N584I9P,347
TGJIP4P86SC4OP7T,5909
MEGI3F31MM89CQ5B,26
K6LG1OR00EFIIAGO,4327
S2RFJ5AGC0TBSH8M,4908
TRGE8C2OBO2P29JS,8276
FP2HN4M52E28TK67,859
S08DSSDM3IJLN45T,89
TJKFIK32PI1N8A54,8
HF61GN1EL40Q2EAQ,2110
86PLI913H79CGG9K,2
7AIKLGEE1Q69QIJM,898
8SCLFE68S2OQ4AG5,3472
T22JIP6KGH7SEAEL,1845
RFR5BFTG4I6357TC,109
B1N4Q1SGKNICB27G,126
D6RLR0SRLLTRGL2T,3657
1OB168PO675ADQPE,144
JD6FE6GRMP3C7KEF,1037
C0PIM1LRLGRHSNH0,4679
SHIIAFA3638AJM9Q,2238
DMC9J6DH27A3PQC4,2796
N118TSLKBLA6PFGB,151
5AOENMI51RPOJF9O,3142
AISCH5EHE6J8AMHR,5588
56CG8RPPNI46ER93,3660
NFIOAQTN3QPGRIKT,1556
8SFGHSN6BIIHIIQA,1717
DAAJQ0J09A0Q26RL,3266
589IAITSP7GRP42Q,94
S8M65K5TKMPQ4JEM,6075
E7379OS06JOS950C,733
3EHPK6OQGB87CS50,4195
5F7BNAGM5SQD01NS,12435
IBISHPD0JI7E7N28,1871
7O9E9L3D9J9KT3S3,2230
2E6263Q9FTORKTQ9,7093
A505HBRKQD2HBSJT,6566
CNFESISD0HFFJQDF,6067
REBQ9JL6GHRTG9RQ,22
Q9MM45ALS0SB68HH,117
KKC3186C56C1PGIO,1511
4FM2GCCGB5ITBE36,3070
36H3CKAK857LB6B8,2862
4G2PR3H037MQ8OFC,19761
8B4B58GGBMOP9EF4,2015
HTRM36024J88R9FE,1949
H56B570LHKDECPC9,418
HQ587RFBELDIN3QM,5699
TLRN5SD8B64A2FAH,11
DELCJE0LBCENLJS9,2956
2GBORIICL929JGQA,250
JT2D70KSBS25QTNF,3238
TTCDPCGRNL0RT9CS,2717
RJME2ONN2CGEOMAP,376
6SDISQQGEI91LIFA,1652
8BOPPMSIQP6TJKDK,64
MTT0IGA26QH72E4R,185
CEEL73N6COOH5CO3,4504
E4JB6OCPFQEQDCGD,1431
3B6L10862KR5D74B,7652
KN5MLTGLJ746IMER,10599
R37FLKF494FM785Q,884
41N4FHQC3AS0BJE4,150
SIDCMB5LJCC0AIMK,1131
8H5F2MSFGJ90A55G,1633
4KFJ1BGK0NCADTOG,5678
IF58L4PMDE85BIBN,5273
FRAEH21NIPJH4MKS,1221
IOCD993LSRKOQG6H,2709
0BGC5NHOJL7JO964,4652
JRMI9I0KHCIL9NRI,373
BISGF8M524NH53NP,8865
HNELNS2S66LD69H3,1101
2QL2BORN5H23GHFK,4680
DBN0R67BKEEQ5E3M,930
OOTGTH74C3T6SHG3,558
NM83HS5N3F4NBC1O,872
79RDFPS8LG9748GC,592
1FN4AHT6CO7K9RBC,182
FEMIMH3DI78OLHIO,3
NAFF0IT4KTMQD647,331
8TGNBD08QBAO67CM,600
HJ6LTQKD6MMHC8ME,2911
245K9QL8CEJKGL63,0
4PEHKALTDK59SDH1,4293
LT6LO2Q6OSIA3TA6,3078
8CQLPH9JN19OEAKO,890
DND9TNB7HHS7RSQL,5274
9P279B1R9GRMISCP,117
7H2FDPA0EMLNOEF3,1798
39OS2FOC2ETQ975K,3243
H59J1E6NICGHT74F,3411
L31QFQQKSGN89N18,1180
SPOKR45P0GJ24H2A,1461
5PEQPH2ARCJJEA2P,7058
1PDQDOSRGC9MHF3J,229
5LLNR5II99IMCFFH,5439
CSPP43TQ8F85MTMH,2293
H940NLGKLFDA968L,1599
05E96P4QBQCCH8CT,12
JN02N0SFR06TATQO,144
ODCNE3KF3A78Q2J2,287
K7ML33N9623FLOF5,4757
H1ASTFL2JD9T1MH3,4828
5BTM175OGMMA6SCL,2897
FC980JM73IGNFN33,384
ED5OE2KLO909LLRQ,598
D468H7MSPELRB1HR,3002
60S8RP4JCHNT0I24,787
BTH743CODJC41K3F,5452
LAPSHGO35NS5DTSF,1795
82HM0GO1C3M80G1N,2021
2DA6FNKC24JEOH40,258
9TB8PTQF1CH7FCMB,3496
4JKA2347BSF9SMCF,191
B323DLTC403S8RHO,215
BEMT9A16KBPJASK8,2362
9SR48OPPJFPN0ALT,2976
MACPRLEK2ENEMEII,35
4KAB7A75HA5C87GE,296
9ELAA8PO437Q6HKG,5061
F351B26MTTCEAAPR,4700
7LOT67M6QKQJHKLE,6374
KMT9709911MH24HQ,159
8HKGA745KSS3AD56,1034
G9T4NMA6AQH219KN,274
E6M75EPRB0D1S54F,155
IRNL1959CHOC7LH8,47
S3P7RIHJRTRS0DSM,248
PHP8BPOBLEASMKFP,4757
CBT95ITPGR8KG60R,3308
KLFLB9JD2HJFMCKQ,35
TDAFCEF1Q81F457P,1559
6A19IGLEN1AE5T0S,12133
S91QKQN5C7C21MJN,6
2J7B0S5IR85Q7Q6D,2818
9GG9QEE6SIBQFTCK,320
CDGE7TJHH90J0L6S,638
JK8K699QCQJRAP26,25
6SKKJ43NQTEDDL72,45
8GJCT3OBMRNH4M9L,627
PDHAD83QMPK76BRI,1066
SJMB6O7HTJ3QM7FM,750
G2BQHQ0D3LN5OQN2,1936
D7BFRJNS3HR5GQG8,13307
KJ314KJN8TGOM7BN,58
099F982SMAC688B9,1597
L4HLDR66E6610RH8,4910
PTB5NOGRFR1SEO5N,4706
LHNNHJ688M9DRNA2,242
6EPRK9N60J9JING7,6666
JJ5STOP39LEIFH0K,3409
DDMD00DDSIE20GGM,5219
RJC8QNNC86G0IPD4,1876
7SD7S81PCH8TT8O8,458
CRIBH4ODAQ5F7TL5,1174
C4GAI1ONF5N0THR5,3027
QT19NIF31GI6GH2O,9438
K54FMKN855MR3J8Q,5868
H4QQHDFPE7QP0B76,2015
BRFRG477P9S6MMQ2,5224
0HRQG5NRLP0KDHNK,8526
7SDJE48EFRPPNEJK,269
PRT8RDNG6E86518P,4833
SRNIBIK27BQ2M3PB,5397
6CP232J9R8N84702,1076
AROR24MH3M79EHBS,157
